ISO-10303-21;
HEADER;
/* Generated by software containing ST-Developer
 * from STEP Tools, Inc. (www.steptools.com) 
 */

FILE_DESCRIPTION(
/* description */ (''),
/* implementation_level */ '2;1');

FILE_NAME(
/* name */ 'Secondary_Spider.step',
/* time_stamp */ '2026-01-24T10:37:01-08:00',
/* author */ (''),
/* organization */ (''),
/* preprocessor_version */ 'ST-DEVELOPER v20.1',
/* originating_system */ 'Autodesk Translation Framework v14.21.0.0',
/* authorisation */ '');

FILE_SCHEMA (('AUTOMOTIVE_DESIGN { 1 0 10303 214 3 1 1 }'));
ENDSEC;

DATA;
#10=MECHANICAL_DESIGN_GEOMETRIC_PRESENTATION_REPRESENTATION('',(#13),#2061);
#11=SHAPE_REPRESENTATION_RELATIONSHIP('SRR','None',#2068,#12);
#12=ADVANCED_BREP_SHAPE_REPRESENTATION('',(#14),#2060);
#13=STYLED_ITEM('',(#2077),#14);
#14=MANIFOLD_SOLID_BREP('Body1',#1145);
#15=FACE_BOUND('',#168,.T.);
#16=FACE_BOUND('',#177,.T.);
#17=FACE_BOUND('',#185,.T.);
#18=FACE_BOUND('',#193,.T.);
#19=FACE_BOUND('',#201,.T.);
#20=FACE_BOUND('',#216,.T.);
#21=FACE_BOUND('',#218,.T.);
#22=FACE_BOUND('',#220,.T.);
#23=FACE_BOUND('',#222,.T.);
#24=FACE_BOUND('',#224,.T.);
#25=FACE_BOUND('',#225,.T.);
#26=FACE_BOUND('',#226,.T.);
#27=FACE_BOUND('',#227,.T.);
#28=FACE_BOUND('',#229,.T.);
#29=FACE_BOUND('',#230,.T.);
#30=FACE_BOUND('',#231,.T.);
#31=FACE_BOUND('',#232,.T.);
#32=FACE_BOUND('',#233,.T.);
#33=ELLIPSE('',#1171,28.2842712474619,20.);
#34=ELLIPSE('',#1173,17.6776695296637,12.5);
#35=ELLIPSE('',#1174,17.6776695296637,12.5);
#36=ELLIPSE('',#1189,128.,64.);
#37=ELLIPSE('',#1193,128.,64.);
#38=ELLIPSE('',#1195,128.,64.);
#39=ELLIPSE('',#1197,128.,64.);
#40=ELLIPSE('',#1202,128.,64.);
#41=ELLIPSE('',#1206,128.,64.);
#42=ELLIPSE('',#1208,128.,64.);
#43=ELLIPSE('',#1210,128.,64.);
#44=ELLIPSE('',#1215,128.,64.);
#45=ELLIPSE('',#1219,128.,64.);
#46=ELLIPSE('',#1221,128.,64.);
#47=ELLIPSE('',#1223,128.,64.);
#48=ELLIPSE('',#1228,128.,64.);
#49=ELLIPSE('',#1232,128.,64.);
#50=ELLIPSE('',#1234,128.,64.);
#51=ELLIPSE('',#1236,128.,64.);
#52=B_SPLINE_CURVE_WITH_KNOTS('',3,(#1627,#1628,#1629,#1630,#1631,#1632,
#1633,#1634,#1635,#1636,#1637,#1638,#1639,#1640,#1641,#1642,#1643,#1644,
#1645,#1646,#1647,#1648,#1649,#1650,#1651,#1652,#1653,#1654,#1655,#1656,
#1657,#1658,#1659,#1660),.UNSPECIFIED.,.T.,.F.,(4,2,2,2,2,2,2,2,2,2,2,2,
2,2,2,2,4),(0.,0.0659243190291766,0.131848638058353,0.197772955365508,0.263697272672662,
0.329621589979817,0.395545907286972,0.461470226316149,0.527394545345326,
0.593318864374502,0.659243183403679,0.725167500710834,0.791091818017989,
0.857016135325143,0.922940452632298,0.988864771661474,1.05478909069065),
 .UNSPECIFIED.);
#53=B_SPLINE_CURVE_WITH_KNOTS('',3,(#1666,#1667,#1668,#1669,#1670,#1671,
#1672,#1673,#1674,#1675,#1676,#1677,#1678,#1679,#1680,#1681,#1682,#1683,
#1684,#1685,#1686,#1687,#1688,#1689,#1690,#1691,#1692,#1693,#1694,#1695,
#1696,#1697,#1698,#1699),.UNSPECIFIED.,.T.,.F.,(4,2,2,2,2,2,2,2,2,2,2,2,
2,2,2,2,4),(0.,0.0659243190291766,0.131848638058353,0.197772955365508,0.263697272672662,
0.329621589979817,0.395545907286972,0.461470226316149,0.527394545345326,
0.593318864374502,0.659243183403679,0.725167500710834,0.791091818017989,
0.857016135325143,0.922940452632298,0.988864771661474,1.05478909069065),
 .UNSPECIFIED.);
#54=B_SPLINE_CURVE_WITH_KNOTS('',3,(#1705,#1706,#1707,#1708,#1709,#1710,
#1711,#1712,#1713,#1714,#1715,#1716,#1717,#1718,#1719,#1720,#1721,#1722,
#1723,#1724,#1725,#1726,#1727,#1728,#1729,#1730,#1731,#1732,#1733,#1734,
#1735,#1736,#1737,#1738),.UNSPECIFIED.,.T.,.F.,(4,2,2,2,2,2,2,2,2,2,2,2,
2,2,2,2,4),(0.,0.0659243190291764,0.131848638058353,0.197772955365508,0.263697272672664,
0.329621589979818,0.395545907286972,0.461470226316149,0.527394545345325,
0.593318864374502,0.659243183403679,0.725167500710833,0.791091818017988,
0.857016135325143,0.922940452632298,0.988864771661475,1.05478909069065),
 .UNSPECIFIED.);
#55=B_SPLINE_CURVE_WITH_KNOTS('',3,(#1744,#1745,#1746,#1747,#1748,#1749,
#1750,#1751,#1752,#1753,#1754,#1755,#1756,#1757,#1758,#1759,#1760,#1761,
#1762,#1763,#1764,#1765,#1766,#1767,#1768,#1769,#1770,#1771,#1772,#1773,
#1774,#1775,#1776,#1777),.UNSPECIFIED.,.T.,.F.,(4,2,2,2,2,2,2,2,2,2,2,2,
2,2,2,2,4),(0.,0.0659243190291764,0.131848638058353,0.197772955365508,0.263697272672664,
0.329621589979818,0.395545907286972,0.461470226316149,0.527394545345325,
0.593318864374502,0.659243183403679,0.725167500710833,0.791091818017988,
0.857016135325143,0.922940452632298,0.988864771661475,1.05478909069065),
 .UNSPECIFIED.);
#56=CIRCLE('',#1162,1.75);
#57=CIRCLE('',#1164,1.75);
#58=CIRCLE('',#1166,1.75);
#59=CIRCLE('',#1168,1.75);
#60=CIRCLE('',#1170,20.);
#61=CIRCLE('',#1177,64.);
#62=CIRCLE('',#1178,59.);
#63=CIRCLE('',#1179,12.5);
#64=CIRCLE('',#1180,12.5);
#65=CIRCLE('',#1181,59.);
#66=CIRCLE('',#1182,12.5);
#67=CIRCLE('',#1183,59.);
#68=CIRCLE('',#1184,12.5);
#69=CIRCLE('',#1185,59.);
#70=CIRCLE('',#1187,12.5);
#71=CIRCLE('',#1191,64.);
#72=CIRCLE('',#1199,64.);
#73=CIRCLE('',#1204,64.);
#74=CIRCLE('',#1212,64.);
#75=CIRCLE('',#1217,64.);
#76=CIRCLE('',#1225,64.);
#77=CIRCLE('',#1230,64.);
#78=CIRCLE('',#1238,64.);
#79=CIRCLE('',#1251,12.5);
#80=CIRCLE('',#1252,12.5);
#81=CIRCLE('',#1253,12.5);
#82=CIRCLE('',#1254,12.5);
#83=CIRCLE('',#1255,12.5);
#84=CIRCLE('',#1259,59.);
#85=CIRCLE('',#1261,59.);
#86=CIRCLE('',#1263,59.);
#87=CIRCLE('',#1265,59.);
#88=CIRCLE('',#1267,64.);
#89=CYLINDRICAL_SURFACE('',#1161,1.75);
#90=CYLINDRICAL_SURFACE('',#1163,1.75);
#91=CYLINDRICAL_SURFACE('',#1165,1.75);
#92=CYLINDRICAL_SURFACE('',#1167,1.75);
#93=CYLINDRICAL_SURFACE('',#1169,20.);
#94=CYLINDRICAL_SURFACE('',#1250,12.5);
#95=CYLINDRICAL_SURFACE('',#1258,59.);
#96=CYLINDRICAL_SURFACE('',#1260,59.);
#97=CYLINDRICAL_SURFACE('',#1262,59.);
#98=CYLINDRICAL_SURFACE('',#1264,59.);
#99=CYLINDRICAL_SURFACE('',#1266,64.);
#100=FACE_OUTER_BOUND('',#158,.T.);
#101=FACE_OUTER_BOUND('',#159,.T.);
#102=FACE_OUTER_BOUND('',#160,.T.);
#103=FACE_OUTER_BOUND('',#161,.T.);
#104=FACE_OUTER_BOUND('',#162,.T.);
#105=FACE_OUTER_BOUND('',#163,.T.);
#106=FACE_OUTER_BOUND('',#164,.T.);
#107=FACE_OUTER_BOUND('',#165,.T.);
#108=FACE_OUTER_BOUND('',#166,.T.);
#109=FACE_OUTER_BOUND('',#167,.T.);
#110=FACE_OUTER_BOUND('',#169,.T.);
#111=FACE_OUTER_BOUND('',#170,.T.);
#112=FACE_OUTER_BOUND('',#171,.T.);
#113=FACE_OUTER_BOUND('',#172,.T.);
#114=FACE_OUTER_BOUND('',#173,.T.);
#115=FACE_OUTER_BOUND('',#174,.T.);
#116=FACE_OUTER_BOUND('',#175,.T.);
#117=FACE_OUTER_BOUND('',#176,.T.);
#118=FACE_OUTER_BOUND('',#178,.T.);
#119=FACE_OUTER_BOUND('',#179,.T.);
#120=FACE_OUTER_BOUND('',#180,.T.);
#121=FACE_OUTER_BOUND('',#181,.T.);
#122=FACE_OUTER_BOUND('',#182,.T.);
#123=FACE_OUTER_BOUND('',#183,.T.);
#124=FACE_OUTER_BOUND('',#184,.T.);
#125=FACE_OUTER_BOUND('',#186,.T.);
#126=FACE_OUTER_BOUND('',#187,.T.);
#127=FACE_OUTER_BOUND('',#188,.T.);
#128=FACE_OUTER_BOUND('',#189,.T.);
#129=FACE_OUTER_BOUND('',#190,.T.);
#130=FACE_OUTER_BOUND('',#191,.T.);
#131=FACE_OUTER_BOUND('',#192,.T.);
#132=FACE_OUTER_BOUND('',#194,.T.);
#133=FACE_OUTER_BOUND('',#195,.T.);
#134=FACE_OUTER_BOUND('',#196,.T.);
#135=FACE_OUTER_BOUND('',#197,.T.);
#136=FACE_OUTER_BOUND('',#198,.T.);
#137=FACE_OUTER_BOUND('',#199,.T.);
#138=FACE_OUTER_BOUND('',#200,.T.);
#139=FACE_OUTER_BOUND('',#202,.T.);
#140=FACE_OUTER_BOUND('',#203,.T.);
#141=FACE_OUTER_BOUND('',#204,.T.);
#142=FACE_OUTER_BOUND('',#205,.T.);
#143=FACE_OUTER_BOUND('',#206,.T.);
#144=FACE_OUTER_BOUND('',#207,.T.);
#145=FACE_OUTER_BOUND('',#208,.T.);
#146=FACE_OUTER_BOUND('',#209,.T.);
#147=FACE_OUTER_BOUND('',#210,.T.);
#148=FACE_OUTER_BOUND('',#211,.T.);
#149=FACE_OUTER_BOUND('',#212,.T.);
#150=FACE_OUTER_BOUND('',#213,.T.);
#151=FACE_OUTER_BOUND('',#214,.T.);
#152=FACE_OUTER_BOUND('',#215,.T.);
#153=FACE_OUTER_BOUND('',#217,.T.);
#154=FACE_OUTER_BOUND('',#219,.T.);
#155=FACE_OUTER_BOUND('',#221,.T.);
#156=FACE_OUTER_BOUND('',#223,.T.);
#157=FACE_OUTER_BOUND('',#228,.T.);
#158=EDGE_LOOP('',(#716,#717,#718,#719));
#159=EDGE_LOOP('',(#720,#721,#722,#723,#724,#725,#726));
#160=EDGE_LOOP('',(#727,#728,#729,#730));
#161=EDGE_LOOP('',(#731,#732,#733,#734));
#162=EDGE_LOOP('',(#735,#736,#737,#738));
#163=EDGE_LOOP('',(#739,#740,#741,#742));
#164=EDGE_LOOP('',(#743,#744,#745,#746));
#165=EDGE_LOOP('',(#747,#748,#749));
#166=EDGE_LOOP('',(#750,#751,#752,#753));
#167=EDGE_LOOP('',(#754));
#168=EDGE_LOOP('',(#755,#756,#757,#758,#759,#760,#761,#762,#763,#764,#765,
#766,#767,#768,#769,#770,#771));
#169=EDGE_LOOP('',(#772,#773));
#170=EDGE_LOOP('',(#774,#775,#776,#777));
#171=EDGE_LOOP('',(#778,#779,#780,#781));
#172=EDGE_LOOP('',(#782,#783,#784,#785));
#173=EDGE_LOOP('',(#786,#787,#788,#789));
#174=EDGE_LOOP('',(#790,#791,#792,#793));
#175=EDGE_LOOP('',(#794,#795,#796,#797));
#176=EDGE_LOOP('',(#798,#799,#800,#801,#802,#803));
#177=EDGE_LOOP('',(#804));
#178=EDGE_LOOP('',(#805,#806,#807,#808));
#179=EDGE_LOOP('',(#809,#810,#811,#812));
#180=EDGE_LOOP('',(#813,#814,#815,#816));
#181=EDGE_LOOP('',(#817,#818,#819,#820));
#182=EDGE_LOOP('',(#821,#822,#823,#824));
#183=EDGE_LOOP('',(#825,#826,#827,#828));
#184=EDGE_LOOP('',(#829,#830,#831,#832,#833,#834));
#185=EDGE_LOOP('',(#835));
#186=EDGE_LOOP('',(#836,#837,#838,#839));
#187=EDGE_LOOP('',(#840,#841,#842,#843));
#188=EDGE_LOOP('',(#844,#845,#846,#847));
#189=EDGE_LOOP('',(#848,#849,#850,#851));
#190=EDGE_LOOP('',(#852,#853,#854,#855));
#191=EDGE_LOOP('',(#856,#857,#858,#859));
#192=EDGE_LOOP('',(#860,#861,#862,#863,#864,#865));
#193=EDGE_LOOP('',(#866));
#194=EDGE_LOOP('',(#867,#868,#869,#870));
#195=EDGE_LOOP('',(#871,#872,#873,#874));
#196=EDGE_LOOP('',(#875,#876,#877,#878));
#197=EDGE_LOOP('',(#879,#880,#881,#882));
#198=EDGE_LOOP('',(#883,#884,#885,#886));
#199=EDGE_LOOP('',(#887,#888,#889,#890));
#200=EDGE_LOOP('',(#891,#892,#893,#894,#895,#896));
#201=EDGE_LOOP('',(#897));
#202=EDGE_LOOP('',(#898,#899,#900,#901));
#203=EDGE_LOOP('',(#902,#903,#904,#905));
#204=EDGE_LOOP('',(#906,#907,#908,#909));
#205=EDGE_LOOP('',(#910,#911,#912,#913));
#206=EDGE_LOOP('',(#914,#915,#916,#917));
#207=EDGE_LOOP('',(#918,#919,#920,#921,#922,#923,#924));
#208=EDGE_LOOP('',(#925,#926,#927,#928));
#209=EDGE_LOOP('',(#929,#930,#931,#932));
#210=EDGE_LOOP('',(#933,#934,#935,#936));
#211=EDGE_LOOP('',(#937,#938,#939,#940));
#212=EDGE_LOOP('',(#941,#942,#943,#944,#945,#946,#947,#948,#949,#950,#951,
#952,#953,#954,#955,#956,#957,#958,#959,#960,#961,#962));
#213=EDGE_LOOP('',(#963,#964,#965,#966));
#214=EDGE_LOOP('',(#967,#968,#969,#970));
#215=EDGE_LOOP('',(#971,#972,#973,#974));
#216=EDGE_LOOP('',(#975));
#217=EDGE_LOOP('',(#976,#977,#978,#979));
#218=EDGE_LOOP('',(#980));
#219=EDGE_LOOP('',(#981,#982,#983,#984));
#220=EDGE_LOOP('',(#985));
#221=EDGE_LOOP('',(#986,#987,#988,#989));
#222=EDGE_LOOP('',(#990));
#223=EDGE_LOOP('',(#991,#992,#993,#994));
#224=EDGE_LOOP('',(#995,#996,#997,#998,#999,#1000));
#225=EDGE_LOOP('',(#1001,#1002,#1003,#1004,#1005,#1006));
#226=EDGE_LOOP('',(#1007,#1008,#1009,#1010,#1011,#1012));
#227=EDGE_LOOP('',(#1013,#1014,#1015,#1016,#1017,#1018));
#228=EDGE_LOOP('',(#1019));
#229=EDGE_LOOP('',(#1020,#1021,#1022,#1023));
#230=EDGE_LOOP('',(#1024,#1025,#1026,#1027));
#231=EDGE_LOOP('',(#1028,#1029,#1030,#1031));
#232=EDGE_LOOP('',(#1032,#1033,#1034,#1035));
#233=EDGE_LOOP('',(#1036,#1037,#1038,#1039));
#234=LINE('',#1601,#340);
#235=LINE('',#1603,#341);
#236=LINE('',#1605,#342);
#237=LINE('',#1606,#343);
#238=LINE('',#1610,#344);
#239=LINE('',#1612,#345);
#240=LINE('',#1614,#346);
#241=LINE('',#1616,#347);
#242=LINE('',#1618,#348);
#243=LINE('',#1620,#349);
#244=LINE('',#1621,#350);
#245=LINE('',#1626,#351);
#246=LINE('',#1665,#352);
#247=LINE('',#1704,#353);
#248=LINE('',#1743,#354);
#249=LINE('',#1782,#355);
#250=LINE('',#1789,#356);
#251=LINE('',#1793,#357);
#252=LINE('',#1794,#358);
#253=LINE('',#1799,#359);
#254=LINE('',#1806,#360);
#255=LINE('',#1810,#361);
#256=LINE('',#1814,#362);
#257=LINE('',#1818,#363);
#258=LINE('',#1822,#364);
#259=LINE('',#1831,#365);
#260=LINE('',#1833,#366);
#261=LINE('',#1834,#367);
#262=LINE('',#1839,#368);
#263=LINE('',#1840,#369);
#264=LINE('',#1845,#370);
#265=LINE('',#1846,#371);
#266=LINE('',#1851,#372);
#267=LINE('',#1852,#373);
#268=LINE('',#1857,#374);
#269=LINE('',#1858,#375);
#270=LINE('',#1861,#376);
#271=LINE('',#1868,#377);
#272=LINE('',#1870,#378);
#273=LINE('',#1871,#379);
#274=LINE('',#1876,#380);
#275=LINE('',#1877,#381);
#276=LINE('',#1882,#382);
#277=LINE('',#1883,#383);
#278=LINE('',#1888,#384);
#279=LINE('',#1889,#385);
#280=LINE('',#1894,#386);
#281=LINE('',#1895,#387);
#282=LINE('',#1898,#388);
#283=LINE('',#1905,#389);
#284=LINE('',#1907,#390);
#285=LINE('',#1908,#391);
#286=LINE('',#1913,#392);
#287=LINE('',#1914,#393);
#288=LINE('',#1919,#394);
#289=LINE('',#1920,#395);
#290=LINE('',#1925,#396);
#291=LINE('',#1926,#397);
#292=LINE('',#1931,#398);
#293=LINE('',#1932,#399);
#294=LINE('',#1935,#400);
#295=LINE('',#1942,#401);
#296=LINE('',#1944,#402);
#297=LINE('',#1945,#403);
#298=LINE('',#1950,#404);
#299=LINE('',#1951,#405);
#300=LINE('',#1956,#406);
#301=LINE('',#1957,#407);
#302=LINE('',#1962,#408);
#303=LINE('',#1963,#409);
#304=LINE('',#1968,#410);
#305=LINE('',#1969,#411);
#306=LINE('',#1972,#412);
#307=LINE('',#1976,#413);
#308=LINE('',#1978,#414);
#309=LINE('',#1979,#415);
#310=LINE('',#1982,#416);
#311=LINE('',#1984,#417);
#312=LINE('',#1985,#418);
#313=LINE('',#1988,#419);
#314=LINE('',#1990,#420);
#315=LINE('',#1991,#421);
#316=LINE('',#1994,#422);
#317=LINE('',#1996,#423);
#318=LINE('',#1997,#424);
#319=LINE('',#2000,#425);
#320=LINE('',#2002,#426);
#321=LINE('',#2003,#427);
#322=LINE('',#2007,#428);
#323=LINE('',#2009,#429);
#324=LINE('',#2010,#430);
#325=LINE('',#2011,#431);
#326=LINE('',#2015,#432);
#327=LINE('',#2017,#433);
#328=LINE('',#2019,#434);
#329=LINE('',#2020,#435);
#330=LINE('',#2023,#436);
#331=LINE('',#2025,#437);
#332=LINE('',#2026,#438);
#333=LINE('',#2029,#439);
#334=LINE('',#2031,#440);
#335=LINE('',#2032,#441);
#336=LINE('',#2034,#442);
#337=LINE('',#2035,#443);
#338=LINE('',#2037,#444);
#339=LINE('',#2055,#445);
#340=VECTOR('',#1273,10.);
#341=VECTOR('',#1274,10.);
#342=VECTOR('',#1275,10.);
#343=VECTOR('',#1276,10.);
#344=VECTOR('',#1279,10.);
#345=VECTOR('',#1280,10.);
#346=VECTOR('',#1281,10.);
#347=VECTOR('',#1282,10.);
#348=VECTOR('',#1283,10.);
#349=VECTOR('',#1284,10.);
#350=VECTOR('',#1285,10.);
#351=VECTOR('',#1290,1.75);
#352=VECTOR('',#1295,1.75);
#353=VECTOR('',#1300,1.75);
#354=VECTOR('',#1305,1.75);
#355=VECTOR('',#1310,10.);
#356=VECTOR('',#1317,10.);
#357=VECTOR('',#1322,10.);
#358=VECTOR('',#1323,10.);
#359=VECTOR('',#1328,10.);
#360=VECTOR('',#1335,10.);
#361=VECTOR('',#1338,10.);
#362=VECTOR('',#1341,10.);
#363=VECTOR('',#1344,10.);
#364=VECTOR('',#1347,10.);
#365=VECTOR('',#1358,10.);
#366=VECTOR('',#1359,10.);
#367=VECTOR('',#1360,10.);
#368=VECTOR('',#1365,10.);
#369=VECTOR('',#1366,10.);
#370=VECTOR('',#1371,10.);
#371=VECTOR('',#1372,10.);
#372=VECTOR('',#1377,10.);
#373=VECTOR('',#1378,10.);
#374=VECTOR('',#1383,10.);
#375=VECTOR('',#1384,10.);
#376=VECTOR('',#1389,10.);
#377=VECTOR('',#1396,10.);
#378=VECTOR('',#1397,10.);
#379=VECTOR('',#1398,10.);
#380=VECTOR('',#1403,10.);
#381=VECTOR('',#1404,10.);
#382=VECTOR('',#1409,10.);
#383=VECTOR('',#1410,10.);
#384=VECTOR('',#1415,10.);
#385=VECTOR('',#1416,10.);
#386=VECTOR('',#1421,10.);
#387=VECTOR('',#1422,10.);
#388=VECTOR('',#1427,10.);
#389=VECTOR('',#1434,10.);
#390=VECTOR('',#1435,10.);
#391=VECTOR('',#1436,10.);
#392=VECTOR('',#1441,10.);
#393=VECTOR('',#1442,10.);
#394=VECTOR('',#1447,10.);
#395=VECTOR('',#1448,10.);
#396=VECTOR('',#1453,10.);
#397=VECTOR('',#1454,10.);
#398=VECTOR('',#1459,10.);
#399=VECTOR('',#1460,10.);
#400=VECTOR('',#1465,10.);
#401=VECTOR('',#1472,10.);
#402=VECTOR('',#1473,10.);
#403=VECTOR('',#1474,10.);
#404=VECTOR('',#1479,10.);
#405=VECTOR('',#1480,10.);
#406=VECTOR('',#1485,10.);
#407=VECTOR('',#1486,10.);
#408=VECTOR('',#1491,10.);
#409=VECTOR('',#1492,10.);
#410=VECTOR('',#1497,10.);
#411=VECTOR('',#1498,10.);
#412=VECTOR('',#1503,10.);
#413=VECTOR('',#1508,10.);
#414=VECTOR('',#1509,10.);
#415=VECTOR('',#1510,10.);
#416=VECTOR('',#1513,10.);
#417=VECTOR('',#1514,10.);
#418=VECTOR('',#1515,10.);
#419=VECTOR('',#1518,10.);
#420=VECTOR('',#1519,10.);
#421=VECTOR('',#1520,10.);
#422=VECTOR('',#1523,10.);
#423=VECTOR('',#1524,10.);
#424=VECTOR('',#1525,10.);
#425=VECTOR('',#1528,10.);
#426=VECTOR('',#1529,10.);
#427=VECTOR('',#1530,10.);
#428=VECTOR('',#1533,10.);
#429=VECTOR('',#1534,10.);
#430=VECTOR('',#1535,10.);
#431=VECTOR('',#1536,10.);
#432=VECTOR('',#1539,10.);
#433=VECTOR('',#1540,10.);
#434=VECTOR('',#1541,10.);
#435=VECTOR('',#1542,10.);
#436=VECTOR('',#1545,10.);
#437=VECTOR('',#1546,10.);
#438=VECTOR('',#1547,10.);
#439=VECTOR('',#1550,10.);
#440=VECTOR('',#1551,10.);
#441=VECTOR('',#1552,10.);
#442=VECTOR('',#1555,10.);
#443=VECTOR('',#1556,10.);
#444=VECTOR('',#1559,12.5);
#445=VECTOR('',#1592,64.);
#446=VERTEX_POINT('',#1599);
#447=VERTEX_POINT('',#1600);
#448=VERTEX_POINT('',#1602);
#449=VERTEX_POINT('',#1604);
#450=VERTEX_POINT('',#1608);
#451=VERTEX_POINT('',#1609);
#452=VERTEX_POINT('',#1611);
#453=VERTEX_POINT('',#1613);
#454=VERTEX_POINT('',#1615);
#455=VERTEX_POINT('',#1617);
#456=VERTEX_POINT('',#1619);
#457=VERTEX_POINT('',#1623);
#458=VERTEX_POINT('',#1625);
#459=VERTEX_POINT('',#1662);
#460=VERTEX_POINT('',#1664);
#461=VERTEX_POINT('',#1701);
#462=VERTEX_POINT('',#1703);
#463=VERTEX_POINT('',#1740);
#464=VERTEX_POINT('',#1742);
#465=VERTEX_POINT('',#1779);
#466=VERTEX_POINT('',#1781);
#467=VERTEX_POINT('',#1785);
#468=VERTEX_POINT('',#1786);
#469=VERTEX_POINT('',#1788);
#470=VERTEX_POINT('',#1792);
#471=VERTEX_POINT('',#1796);
#472=VERTEX_POINT('',#1798);
#473=VERTEX_POINT('',#1801);
#474=VERTEX_POINT('',#1803);
#475=VERTEX_POINT('',#1805);
#476=VERTEX_POINT('',#1807);
#477=VERTEX_POINT('',#1809);
#478=VERTEX_POINT('',#1811);
#479=VERTEX_POINT('',#1813);
#480=VERTEX_POINT('',#1815);
#481=VERTEX_POINT('',#1817);
#482=VERTEX_POINT('',#1819);
#483=VERTEX_POINT('',#1821);
#484=VERTEX_POINT('',#1827);
#485=VERTEX_POINT('',#1828);
#486=VERTEX_POINT('',#1830);
#487=VERTEX_POINT('',#1832);
#488=VERTEX_POINT('',#1836);
#489=VERTEX_POINT('',#1838);
#490=VERTEX_POINT('',#1842);
#491=VERTEX_POINT('',#1844);
#492=VERTEX_POINT('',#1848);
#493=VERTEX_POINT('',#1850);
#494=VERTEX_POINT('',#1854);
#495=VERTEX_POINT('',#1856);
#496=VERTEX_POINT('',#1864);
#497=VERTEX_POINT('',#1865);
#498=VERTEX_POINT('',#1867);
#499=VERTEX_POINT('',#1869);
#500=VERTEX_POINT('',#1873);
#501=VERTEX_POINT('',#1875);
#502=VERTEX_POINT('',#1879);
#503=VERTEX_POINT('',#1881);
#504=VERTEX_POINT('',#1885);
#505=VERTEX_POINT('',#1887);
#506=VERTEX_POINT('',#1891);
#507=VERTEX_POINT('',#1893);
#508=VERTEX_POINT('',#1901);
#509=VERTEX_POINT('',#1902);
#510=VERTEX_POINT('',#1904);
#511=VERTEX_POINT('',#1906);
#512=VERTEX_POINT('',#1910);
#513=VERTEX_POINT('',#1912);
#514=VERTEX_POINT('',#1916);
#515=VERTEX_POINT('',#1918);
#516=VERTEX_POINT('',#1922);
#517=VERTEX_POINT('',#1924);
#518=VERTEX_POINT('',#1928);
#519=VERTEX_POINT('',#1930);
#520=VERTEX_POINT('',#1938);
#521=VERTEX_POINT('',#1939);
#522=VERTEX_POINT('',#1941);
#523=VERTEX_POINT('',#1943);
#524=VERTEX_POINT('',#1947);
#525=VERTEX_POINT('',#1949);
#526=VERTEX_POINT('',#1953);
#527=VERTEX_POINT('',#1955);
#528=VERTEX_POINT('',#1959);
#529=VERTEX_POINT('',#1961);
#530=VERTEX_POINT('',#1965);
#531=VERTEX_POINT('',#1967);
#532=VERTEX_POINT('',#1975);
#533=VERTEX_POINT('',#1977);
#534=VERTEX_POINT('',#1981);
#535=VERTEX_POINT('',#1983);
#536=VERTEX_POINT('',#1987);
#537=VERTEX_POINT('',#1989);
#538=VERTEX_POINT('',#1993);
#539=VERTEX_POINT('',#1995);
#540=VERTEX_POINT('',#1999);
#541=VERTEX_POINT('',#2001);
#542=VERTEX_POINT('',#2005);
#543=VERTEX_POINT('',#2006);
#544=VERTEX_POINT('',#2008);
#545=VERTEX_POINT('',#2013);
#546=VERTEX_POINT('',#2014);
#547=VERTEX_POINT('',#2016);
#548=VERTEX_POINT('',#2018);
#549=VERTEX_POINT('',#2022);
#550=VERTEX_POINT('',#2024);
#551=VERTEX_POINT('',#2028);
#552=VERTEX_POINT('',#2030);
#553=VERTEX_POINT('',#2054);
#554=EDGE_CURVE('',#446,#447,#234,.T.);
#555=EDGE_CURVE('',#448,#447,#235,.T.);
#556=EDGE_CURVE('',#449,#448,#236,.T.);
#557=EDGE_CURVE('',#446,#449,#237,.T.);
#558=EDGE_CURVE('',#450,#451,#238,.T.);
#559=EDGE_CURVE('',#452,#451,#239,.T.);
#560=EDGE_CURVE('',#452,#453,#240,.T.);
#561=EDGE_CURVE('',#453,#454,#241,.T.);
#562=EDGE_CURVE('',#455,#454,#242,.T.);
#563=EDGE_CURVE('',#456,#455,#243,.T.);
#564=EDGE_CURVE('',#450,#456,#244,.T.);
#565=EDGE_CURVE('',#457,#457,#56,.T.);
#566=EDGE_CURVE('',#457,#458,#245,.T.);
#567=EDGE_CURVE('',#458,#458,#52,.T.);
#568=EDGE_CURVE('',#459,#459,#57,.T.);
#569=EDGE_CURVE('',#459,#460,#246,.T.);
#570=EDGE_CURVE('',#460,#460,#53,.T.);
#571=EDGE_CURVE('',#461,#461,#58,.T.);
#572=EDGE_CURVE('',#461,#462,#247,.T.);
#573=EDGE_CURVE('',#462,#462,#54,.T.);
#574=EDGE_CURVE('',#463,#463,#59,.T.);
#575=EDGE_CURVE('',#463,#464,#248,.T.);
#576=EDGE_CURVE('',#464,#464,#55,.T.);
#577=EDGE_CURVE('',#465,#453,#60,.T.);
#578=EDGE_CURVE('',#466,#465,#249,.T.);
#579=EDGE_CURVE('',#454,#466,#33,.T.);
#580=EDGE_CURVE('',#467,#468,#34,.T.);
#581=EDGE_CURVE('',#469,#467,#250,.T.);
#582=EDGE_CURVE('',#468,#469,#35,.T.);
#583=EDGE_CURVE('',#470,#452,#251,.T.);
#584=EDGE_CURVE('',#465,#470,#252,.T.);
#585=EDGE_CURVE('',#471,#471,#61,.T.);
#586=EDGE_CURVE('',#466,#472,#253,.T.);
#587=EDGE_CURVE('',#472,#448,#62,.T.);
#588=EDGE_CURVE('',#473,#447,#63,.T.);
#589=EDGE_CURVE('',#474,#473,#64,.T.);
#590=EDGE_CURVE('',#474,#475,#254,.T.);
#591=EDGE_CURVE('',#475,#476,#65,.T.);
#592=EDGE_CURVE('',#476,#477,#255,.T.);
#593=EDGE_CURVE('',#478,#477,#66,.T.);
#594=EDGE_CURVE('',#478,#479,#256,.T.);
#595=EDGE_CURVE('',#479,#480,#67,.T.);
#596=EDGE_CURVE('',#480,#481,#257,.T.);
#597=EDGE_CURVE('',#482,#481,#68,.T.);
#598=EDGE_CURVE('',#482,#483,#258,.T.);
#599=EDGE_CURVE('',#483,#455,#69,.T.);
#600=EDGE_CURVE('',#467,#469,#70,.T.);
#601=EDGE_CURVE('',#484,#485,#36,.T.);
#602=EDGE_CURVE('',#484,#486,#259,.T.);
#603=EDGE_CURVE('',#486,#487,#260,.T.);
#604=EDGE_CURVE('',#485,#487,#261,.T.);
#605=EDGE_CURVE('',#485,#488,#71,.T.);
#606=EDGE_CURVE('',#487,#489,#262,.T.);
#607=EDGE_CURVE('',#488,#489,#263,.T.);
#608=EDGE_CURVE('',#488,#490,#37,.T.);
#609=EDGE_CURVE('',#489,#491,#264,.T.);
#610=EDGE_CURVE('',#490,#491,#265,.T.);
#611=EDGE_CURVE('',#490,#492,#38,.T.);
#612=EDGE_CURVE('',#491,#493,#266,.T.);
#613=EDGE_CURVE('',#492,#493,#267,.T.);
#614=EDGE_CURVE('',#494,#484,#39,.T.);
#615=EDGE_CURVE('',#494,#495,#268,.T.);
#616=EDGE_CURVE('',#495,#486,#269,.T.);
#617=EDGE_CURVE('',#492,#494,#72,.T.);
#618=EDGE_CURVE('',#493,#495,#270,.T.);
#619=EDGE_CURVE('',#496,#497,#40,.T.);
#620=EDGE_CURVE('',#496,#498,#271,.T.);
#621=EDGE_CURVE('',#498,#499,#272,.T.);
#622=EDGE_CURVE('',#497,#499,#273,.T.);
#623=EDGE_CURVE('',#497,#500,#73,.T.);
#624=EDGE_CURVE('',#499,#501,#274,.T.);
#625=EDGE_CURVE('',#500,#501,#275,.T.);
#626=EDGE_CURVE('',#500,#502,#41,.T.);
#627=EDGE_CURVE('',#501,#503,#276,.T.);
#628=EDGE_CURVE('',#502,#503,#277,.T.);
#629=EDGE_CURVE('',#502,#504,#42,.T.);
#630=EDGE_CURVE('',#503,#505,#278,.T.);
#631=EDGE_CURVE('',#504,#505,#279,.T.);
#632=EDGE_CURVE('',#506,#496,#43,.T.);
#633=EDGE_CURVE('',#506,#507,#280,.T.);
#634=EDGE_CURVE('',#507,#498,#281,.T.);
#635=EDGE_CURVE('',#504,#506,#74,.T.);
#636=EDGE_CURVE('',#505,#507,#282,.T.);
#637=EDGE_CURVE('',#508,#509,#44,.T.);
#638=EDGE_CURVE('',#508,#510,#283,.T.);
#639=EDGE_CURVE('',#510,#511,#284,.T.);
#640=EDGE_CURVE('',#509,#511,#285,.T.);
#641=EDGE_CURVE('',#509,#512,#75,.T.);
#642=EDGE_CURVE('',#511,#513,#286,.T.);
#643=EDGE_CURVE('',#512,#513,#287,.T.);
#644=EDGE_CURVE('',#512,#514,#45,.T.);
#645=EDGE_CURVE('',#513,#515,#288,.T.);
#646=EDGE_CURVE('',#514,#515,#289,.T.);
#647=EDGE_CURVE('',#514,#516,#46,.T.);
#648=EDGE_CURVE('',#515,#517,#290,.T.);
#649=EDGE_CURVE('',#516,#517,#291,.T.);
#650=EDGE_CURVE('',#518,#508,#47,.T.);
#651=EDGE_CURVE('',#518,#519,#292,.T.);
#652=EDGE_CURVE('',#519,#510,#293,.T.);
#653=EDGE_CURVE('',#516,#518,#76,.T.);
#654=EDGE_CURVE('',#517,#519,#294,.T.);
#655=EDGE_CURVE('',#520,#521,#48,.T.);
#656=EDGE_CURVE('',#520,#522,#295,.T.);
#657=EDGE_CURVE('',#522,#523,#296,.T.);
#658=EDGE_CURVE('',#521,#523,#297,.T.);
#659=EDGE_CURVE('',#521,#524,#77,.T.);
#660=EDGE_CURVE('',#523,#525,#298,.T.);
#661=EDGE_CURVE('',#524,#525,#299,.T.);
#662=EDGE_CURVE('',#524,#526,#49,.T.);
#663=EDGE_CURVE('',#525,#527,#300,.T.);
#664=EDGE_CURVE('',#526,#527,#301,.T.);
#665=EDGE_CURVE('',#526,#528,#50,.T.);
#666=EDGE_CURVE('',#527,#529,#302,.T.);
#667=EDGE_CURVE('',#528,#529,#303,.T.);
#668=EDGE_CURVE('',#530,#520,#51,.T.);
#669=EDGE_CURVE('',#530,#531,#304,.T.);
#670=EDGE_CURVE('',#531,#522,#305,.T.);
#671=EDGE_CURVE('',#528,#530,#78,.T.);
#672=EDGE_CURVE('',#529,#531,#306,.T.);
#673=EDGE_CURVE('',#474,#532,#307,.T.);
#674=EDGE_CURVE('',#533,#532,#308,.T.);
#675=EDGE_CURVE('',#475,#533,#309,.T.);
#676=EDGE_CURVE('',#534,#477,#310,.T.);
#677=EDGE_CURVE('',#535,#476,#311,.T.);
#678=EDGE_CURVE('',#534,#535,#312,.T.);
#679=EDGE_CURVE('',#478,#536,#313,.T.);
#680=EDGE_CURVE('',#537,#536,#314,.T.);
#681=EDGE_CURVE('',#479,#537,#315,.T.);
#682=EDGE_CURVE('',#538,#481,#316,.T.);
#683=EDGE_CURVE('',#539,#480,#317,.T.);
#684=EDGE_CURVE('',#538,#539,#318,.T.);
#685=EDGE_CURVE('',#482,#540,#319,.T.);
#686=EDGE_CURVE('',#541,#540,#320,.T.);
#687=EDGE_CURVE('',#483,#541,#321,.T.);
#688=EDGE_CURVE('',#542,#543,#322,.T.);
#689=EDGE_CURVE('',#544,#543,#323,.T.);
#690=EDGE_CURVE('',#472,#544,#324,.T.);
#691=EDGE_CURVE('',#542,#470,#325,.T.);
#692=EDGE_CURVE('',#545,#546,#326,.T.);
#693=EDGE_CURVE('',#545,#547,#327,.T.);
#694=EDGE_CURVE('',#548,#547,#328,.T.);
#695=EDGE_CURVE('',#546,#548,#329,.T.);
#696=EDGE_CURVE('',#546,#549,#330,.T.);
#697=EDGE_CURVE('',#550,#548,#331,.T.);
#698=EDGE_CURVE('',#549,#550,#332,.T.);
#699=EDGE_CURVE('',#549,#551,#333,.T.);
#700=EDGE_CURVE('',#552,#550,#334,.T.);
#701=EDGE_CURVE('',#551,#552,#335,.T.);
#702=EDGE_CURVE('',#551,#545,#336,.T.);
#703=EDGE_CURVE('',#547,#552,#337,.T.);
#704=EDGE_CURVE('',#468,#473,#338,.T.);
#705=EDGE_CURVE('',#543,#446,#79,.T.);
#706=EDGE_CURVE('',#542,#451,#80,.T.);
#707=EDGE_CURVE('',#540,#450,#81,.T.);
#708=EDGE_CURVE('',#536,#538,#82,.T.);
#709=EDGE_CURVE('',#532,#534,#83,.T.);
#710=EDGE_CURVE('',#541,#456,#84,.T.);
#711=EDGE_CURVE('',#537,#539,#85,.T.);
#712=EDGE_CURVE('',#533,#535,#86,.T.);
#713=EDGE_CURVE('',#544,#449,#87,.T.);
#714=EDGE_CURVE('',#471,#553,#339,.T.);
#715=EDGE_CURVE('',#553,#553,#88,.T.);
#716=ORIENTED_EDGE('',*,*,#554,.T.);
#717=ORIENTED_EDGE('',*,*,#555,.F.);
#718=ORIENTED_EDGE('',*,*,#556,.F.);
#719=ORIENTED_EDGE('',*,*,#557,.F.);
#720=ORIENTED_EDGE('',*,*,#558,.T.);
#721=ORIENTED_EDGE('',*,*,#559,.F.);
#722=ORIENTED_EDGE('',*,*,#560,.T.);
#723=ORIENTED_EDGE('',*,*,#561,.T.);
#724=ORIENTED_EDGE('',*,*,#562,.F.);
#725=ORIENTED_EDGE('',*,*,#563,.F.);
#726=ORIENTED_EDGE('',*,*,#564,.F.);
#727=ORIENTED_EDGE('',*,*,#565,.F.);
#728=ORIENTED_EDGE('',*,*,#566,.T.);
#729=ORIENTED_EDGE('',*,*,#567,.F.);
#730=ORIENTED_EDGE('',*,*,#566,.F.);
#731=ORIENTED_EDGE('',*,*,#568,.F.);
#732=ORIENTED_EDGE('',*,*,#569,.T.);
#733=ORIENTED_EDGE('',*,*,#570,.F.);
#734=ORIENTED_EDGE('',*,*,#569,.F.);
#735=ORIENTED_EDGE('',*,*,#571,.F.);
#736=ORIENTED_EDGE('',*,*,#572,.T.);
#737=ORIENTED_EDGE('',*,*,#573,.F.);
#738=ORIENTED_EDGE('',*,*,#572,.F.);
#739=ORIENTED_EDGE('',*,*,#574,.F.);
#740=ORIENTED_EDGE('',*,*,#575,.T.);
#741=ORIENTED_EDGE('',*,*,#576,.F.);
#742=ORIENTED_EDGE('',*,*,#575,.F.);
#743=ORIENTED_EDGE('',*,*,#561,.F.);
#744=ORIENTED_EDGE('',*,*,#577,.F.);
#745=ORIENTED_EDGE('',*,*,#578,.F.);
#746=ORIENTED_EDGE('',*,*,#579,.F.);
#747=ORIENTED_EDGE('',*,*,#580,.F.);
#748=ORIENTED_EDGE('',*,*,#581,.F.);
#749=ORIENTED_EDGE('',*,*,#582,.F.);
#750=ORIENTED_EDGE('',*,*,#560,.F.);
#751=ORIENTED_EDGE('',*,*,#583,.F.);
#752=ORIENTED_EDGE('',*,*,#584,.F.);
#753=ORIENTED_EDGE('',*,*,#577,.T.);
#754=ORIENTED_EDGE('',*,*,#585,.T.);
#755=ORIENTED_EDGE('',*,*,#579,.T.);
#756=ORIENTED_EDGE('',*,*,#586,.T.);
#757=ORIENTED_EDGE('',*,*,#587,.T.);
#758=ORIENTED_EDGE('',*,*,#555,.T.);
#759=ORIENTED_EDGE('',*,*,#588,.F.);
#760=ORIENTED_EDGE('',*,*,#589,.F.);
#761=ORIENTED_EDGE('',*,*,#590,.T.);
#762=ORIENTED_EDGE('',*,*,#591,.T.);
#763=ORIENTED_EDGE('',*,*,#592,.T.);
#764=ORIENTED_EDGE('',*,*,#593,.F.);
#765=ORIENTED_EDGE('',*,*,#594,.T.);
#766=ORIENTED_EDGE('',*,*,#595,.T.);
#767=ORIENTED_EDGE('',*,*,#596,.T.);
#768=ORIENTED_EDGE('',*,*,#597,.F.);
#769=ORIENTED_EDGE('',*,*,#598,.T.);
#770=ORIENTED_EDGE('',*,*,#599,.T.);
#771=ORIENTED_EDGE('',*,*,#562,.T.);
#772=ORIENTED_EDGE('',*,*,#581,.T.);
#773=ORIENTED_EDGE('',*,*,#600,.T.);
#774=ORIENTED_EDGE('',*,*,#601,.F.);
#775=ORIENTED_EDGE('',*,*,#602,.T.);
#776=ORIENTED_EDGE('',*,*,#603,.T.);
#777=ORIENTED_EDGE('',*,*,#604,.F.);
#778=ORIENTED_EDGE('',*,*,#605,.F.);
#779=ORIENTED_EDGE('',*,*,#604,.T.);
#780=ORIENTED_EDGE('',*,*,#606,.T.);
#781=ORIENTED_EDGE('',*,*,#607,.F.);
#782=ORIENTED_EDGE('',*,*,#608,.F.);
#783=ORIENTED_EDGE('',*,*,#607,.T.);
#784=ORIENTED_EDGE('',*,*,#609,.T.);
#785=ORIENTED_EDGE('',*,*,#610,.F.);
#786=ORIENTED_EDGE('',*,*,#611,.F.);
#787=ORIENTED_EDGE('',*,*,#610,.T.);
#788=ORIENTED_EDGE('',*,*,#612,.T.);
#789=ORIENTED_EDGE('',*,*,#613,.F.);
#790=ORIENTED_EDGE('',*,*,#614,.F.);
#791=ORIENTED_EDGE('',*,*,#615,.T.);
#792=ORIENTED_EDGE('',*,*,#616,.T.);
#793=ORIENTED_EDGE('',*,*,#602,.F.);
#794=ORIENTED_EDGE('',*,*,#617,.F.);
#795=ORIENTED_EDGE('',*,*,#613,.T.);
#796=ORIENTED_EDGE('',*,*,#618,.T.);
#797=ORIENTED_EDGE('',*,*,#615,.F.);
#798=ORIENTED_EDGE('',*,*,#606,.F.);
#799=ORIENTED_EDGE('',*,*,#603,.F.);
#800=ORIENTED_EDGE('',*,*,#616,.F.);
#801=ORIENTED_EDGE('',*,*,#618,.F.);
#802=ORIENTED_EDGE('',*,*,#612,.F.);
#803=ORIENTED_EDGE('',*,*,#609,.F.);
#804=ORIENTED_EDGE('',*,*,#574,.T.);
#805=ORIENTED_EDGE('',*,*,#619,.F.);
#806=ORIENTED_EDGE('',*,*,#620,.T.);
#807=ORIENTED_EDGE('',*,*,#621,.T.);
#808=ORIENTED_EDGE('',*,*,#622,.F.);
#809=ORIENTED_EDGE('',*,*,#623,.F.);
#810=ORIENTED_EDGE('',*,*,#622,.T.);
#811=ORIENTED_EDGE('',*,*,#624,.T.);
#812=ORIENTED_EDGE('',*,*,#625,.F.);
#813=ORIENTED_EDGE('',*,*,#626,.F.);
#814=ORIENTED_EDGE('',*,*,#625,.T.);
#815=ORIENTED_EDGE('',*,*,#627,.T.);
#816=ORIENTED_EDGE('',*,*,#628,.F.);
#817=ORIENTED_EDGE('',*,*,#629,.F.);
#818=ORIENTED_EDGE('',*,*,#628,.T.);
#819=ORIENTED_EDGE('',*,*,#630,.T.);
#820=ORIENTED_EDGE('',*,*,#631,.F.);
#821=ORIENTED_EDGE('',*,*,#632,.F.);
#822=ORIENTED_EDGE('',*,*,#633,.T.);
#823=ORIENTED_EDGE('',*,*,#634,.T.);
#824=ORIENTED_EDGE('',*,*,#620,.F.);
#825=ORIENTED_EDGE('',*,*,#635,.F.);
#826=ORIENTED_EDGE('',*,*,#631,.T.);
#827=ORIENTED_EDGE('',*,*,#636,.T.);
#828=ORIENTED_EDGE('',*,*,#633,.F.);
#829=ORIENTED_EDGE('',*,*,#624,.F.);
#830=ORIENTED_EDGE('',*,*,#621,.F.);
#831=ORIENTED_EDGE('',*,*,#634,.F.);
#832=ORIENTED_EDGE('',*,*,#636,.F.);
#833=ORIENTED_EDGE('',*,*,#630,.F.);
#834=ORIENTED_EDGE('',*,*,#627,.F.);
#835=ORIENTED_EDGE('',*,*,#565,.T.);
#836=ORIENTED_EDGE('',*,*,#637,.F.);
#837=ORIENTED_EDGE('',*,*,#638,.T.);
#838=ORIENTED_EDGE('',*,*,#639,.T.);
#839=ORIENTED_EDGE('',*,*,#640,.F.);
#840=ORIENTED_EDGE('',*,*,#641,.F.);
#841=ORIENTED_EDGE('',*,*,#640,.T.);
#842=ORIENTED_EDGE('',*,*,#642,.T.);
#843=ORIENTED_EDGE('',*,*,#643,.F.);
#844=ORIENTED_EDGE('',*,*,#644,.F.);
#845=ORIENTED_EDGE('',*,*,#643,.T.);
#846=ORIENTED_EDGE('',*,*,#645,.T.);
#847=ORIENTED_EDGE('',*,*,#646,.F.);
#848=ORIENTED_EDGE('',*,*,#647,.F.);
#849=ORIENTED_EDGE('',*,*,#646,.T.);
#850=ORIENTED_EDGE('',*,*,#648,.T.);
#851=ORIENTED_EDGE('',*,*,#649,.F.);
#852=ORIENTED_EDGE('',*,*,#650,.F.);
#853=ORIENTED_EDGE('',*,*,#651,.T.);
#854=ORIENTED_EDGE('',*,*,#652,.T.);
#855=ORIENTED_EDGE('',*,*,#638,.F.);
#856=ORIENTED_EDGE('',*,*,#653,.F.);
#857=ORIENTED_EDGE('',*,*,#649,.T.);
#858=ORIENTED_EDGE('',*,*,#654,.T.);
#859=ORIENTED_EDGE('',*,*,#651,.F.);
#860=ORIENTED_EDGE('',*,*,#642,.F.);
#861=ORIENTED_EDGE('',*,*,#639,.F.);
#862=ORIENTED_EDGE('',*,*,#652,.F.);
#863=ORIENTED_EDGE('',*,*,#654,.F.);
#864=ORIENTED_EDGE('',*,*,#648,.F.);
#865=ORIENTED_EDGE('',*,*,#645,.F.);
#866=ORIENTED_EDGE('',*,*,#568,.T.);
#867=ORIENTED_EDGE('',*,*,#655,.F.);
#868=ORIENTED_EDGE('',*,*,#656,.T.);
#869=ORIENTED_EDGE('',*,*,#657,.T.);
#870=ORIENTED_EDGE('',*,*,#658,.F.);
#871=ORIENTED_EDGE('',*,*,#659,.F.);
#872=ORIENTED_EDGE('',*,*,#658,.T.);
#873=ORIENTED_EDGE('',*,*,#660,.T.);
#874=ORIENTED_EDGE('',*,*,#661,.F.);
#875=ORIENTED_EDGE('',*,*,#662,.F.);
#876=ORIENTED_EDGE('',*,*,#661,.T.);
#877=ORIENTED_EDGE('',*,*,#663,.T.);
#878=ORIENTED_EDGE('',*,*,#664,.F.);
#879=ORIENTED_EDGE('',*,*,#665,.F.);
#880=ORIENTED_EDGE('',*,*,#664,.T.);
#881=ORIENTED_EDGE('',*,*,#666,.T.);
#882=ORIENTED_EDGE('',*,*,#667,.F.);
#883=ORIENTED_EDGE('',*,*,#668,.F.);
#884=ORIENTED_EDGE('',*,*,#669,.T.);
#885=ORIENTED_EDGE('',*,*,#670,.T.);
#886=ORIENTED_EDGE('',*,*,#656,.F.);
#887=ORIENTED_EDGE('',*,*,#671,.F.);
#888=ORIENTED_EDGE('',*,*,#667,.T.);
#889=ORIENTED_EDGE('',*,*,#672,.T.);
#890=ORIENTED_EDGE('',*,*,#669,.F.);
#891=ORIENTED_EDGE('',*,*,#660,.F.);
#892=ORIENTED_EDGE('',*,*,#657,.F.);
#893=ORIENTED_EDGE('',*,*,#670,.F.);
#894=ORIENTED_EDGE('',*,*,#672,.F.);
#895=ORIENTED_EDGE('',*,*,#666,.F.);
#896=ORIENTED_EDGE('',*,*,#663,.F.);
#897=ORIENTED_EDGE('',*,*,#571,.T.);
#898=ORIENTED_EDGE('',*,*,#673,.T.);
#899=ORIENTED_EDGE('',*,*,#674,.F.);
#900=ORIENTED_EDGE('',*,*,#675,.F.);
#901=ORIENTED_EDGE('',*,*,#590,.F.);
#902=ORIENTED_EDGE('',*,*,#676,.T.);
#903=ORIENTED_EDGE('',*,*,#592,.F.);
#904=ORIENTED_EDGE('',*,*,#677,.F.);
#905=ORIENTED_EDGE('',*,*,#678,.F.);
#906=ORIENTED_EDGE('',*,*,#679,.T.);
#907=ORIENTED_EDGE('',*,*,#680,.F.);
#908=ORIENTED_EDGE('',*,*,#681,.F.);
#909=ORIENTED_EDGE('',*,*,#594,.F.);
#910=ORIENTED_EDGE('',*,*,#682,.T.);
#911=ORIENTED_EDGE('',*,*,#596,.F.);
#912=ORIENTED_EDGE('',*,*,#683,.F.);
#913=ORIENTED_EDGE('',*,*,#684,.F.);
#914=ORIENTED_EDGE('',*,*,#685,.T.);
#915=ORIENTED_EDGE('',*,*,#686,.F.);
#916=ORIENTED_EDGE('',*,*,#687,.F.);
#917=ORIENTED_EDGE('',*,*,#598,.F.);
#918=ORIENTED_EDGE('',*,*,#688,.T.);
#919=ORIENTED_EDGE('',*,*,#689,.F.);
#920=ORIENTED_EDGE('',*,*,#690,.F.);
#921=ORIENTED_EDGE('',*,*,#586,.F.);
#922=ORIENTED_EDGE('',*,*,#578,.T.);
#923=ORIENTED_EDGE('',*,*,#584,.T.);
#924=ORIENTED_EDGE('',*,*,#691,.F.);
#925=ORIENTED_EDGE('',*,*,#692,.F.);
#926=ORIENTED_EDGE('',*,*,#693,.T.);
#927=ORIENTED_EDGE('',*,*,#694,.F.);
#928=ORIENTED_EDGE('',*,*,#695,.F.);
#929=ORIENTED_EDGE('',*,*,#696,.F.);
#930=ORIENTED_EDGE('',*,*,#695,.T.);
#931=ORIENTED_EDGE('',*,*,#697,.F.);
#932=ORIENTED_EDGE('',*,*,#698,.F.);
#933=ORIENTED_EDGE('',*,*,#699,.F.);
#934=ORIENTED_EDGE('',*,*,#698,.T.);
#935=ORIENTED_EDGE('',*,*,#700,.F.);
#936=ORIENTED_EDGE('',*,*,#701,.F.);
#937=ORIENTED_EDGE('',*,*,#702,.F.);
#938=ORIENTED_EDGE('',*,*,#701,.T.);
#939=ORIENTED_EDGE('',*,*,#703,.F.);
#940=ORIENTED_EDGE('',*,*,#693,.F.);
#941=ORIENTED_EDGE('',*,*,#580,.T.);
#942=ORIENTED_EDGE('',*,*,#704,.T.);
#943=ORIENTED_EDGE('',*,*,#588,.T.);
#944=ORIENTED_EDGE('',*,*,#554,.F.);
#945=ORIENTED_EDGE('',*,*,#705,.F.);
#946=ORIENTED_EDGE('',*,*,#688,.F.);
#947=ORIENTED_EDGE('',*,*,#706,.T.);
#948=ORIENTED_EDGE('',*,*,#558,.F.);
#949=ORIENTED_EDGE('',*,*,#707,.F.);
#950=ORIENTED_EDGE('',*,*,#685,.F.);
#951=ORIENTED_EDGE('',*,*,#597,.T.);
#952=ORIENTED_EDGE('',*,*,#682,.F.);
#953=ORIENTED_EDGE('',*,*,#708,.F.);
#954=ORIENTED_EDGE('',*,*,#679,.F.);
#955=ORIENTED_EDGE('',*,*,#593,.T.);
#956=ORIENTED_EDGE('',*,*,#676,.F.);
#957=ORIENTED_EDGE('',*,*,#709,.F.);
#958=ORIENTED_EDGE('',*,*,#673,.F.);
#959=ORIENTED_EDGE('',*,*,#589,.T.);
#960=ORIENTED_EDGE('',*,*,#704,.F.);
#961=ORIENTED_EDGE('',*,*,#582,.T.);
#962=ORIENTED_EDGE('',*,*,#600,.F.);
#963=ORIENTED_EDGE('',*,*,#692,.T.);
#964=ORIENTED_EDGE('',*,*,#696,.T.);
#965=ORIENTED_EDGE('',*,*,#699,.T.);
#966=ORIENTED_EDGE('',*,*,#702,.T.);
#967=ORIENTED_EDGE('',*,*,#583,.T.);
#968=ORIENTED_EDGE('',*,*,#559,.T.);
#969=ORIENTED_EDGE('',*,*,#706,.F.);
#970=ORIENTED_EDGE('',*,*,#691,.T.);
#971=ORIENTED_EDGE('',*,*,#687,.T.);
#972=ORIENTED_EDGE('',*,*,#710,.T.);
#973=ORIENTED_EDGE('',*,*,#563,.T.);
#974=ORIENTED_EDGE('',*,*,#599,.F.);
#975=ORIENTED_EDGE('',*,*,#570,.T.);
#976=ORIENTED_EDGE('',*,*,#681,.T.);
#977=ORIENTED_EDGE('',*,*,#711,.T.);
#978=ORIENTED_EDGE('',*,*,#683,.T.);
#979=ORIENTED_EDGE('',*,*,#595,.F.);
#980=ORIENTED_EDGE('',*,*,#567,.T.);
#981=ORIENTED_EDGE('',*,*,#675,.T.);
#982=ORIENTED_EDGE('',*,*,#712,.T.);
#983=ORIENTED_EDGE('',*,*,#677,.T.);
#984=ORIENTED_EDGE('',*,*,#591,.F.);
#985=ORIENTED_EDGE('',*,*,#576,.T.);
#986=ORIENTED_EDGE('',*,*,#556,.T.);
#987=ORIENTED_EDGE('',*,*,#587,.F.);
#988=ORIENTED_EDGE('',*,*,#690,.T.);
#989=ORIENTED_EDGE('',*,*,#713,.T.);
#990=ORIENTED_EDGE('',*,*,#573,.T.);
#991=ORIENTED_EDGE('',*,*,#585,.F.);
#992=ORIENTED_EDGE('',*,*,#714,.T.);
#993=ORIENTED_EDGE('',*,*,#715,.T.);
#994=ORIENTED_EDGE('',*,*,#714,.F.);
#995=ORIENTED_EDGE('',*,*,#617,.T.);
#996=ORIENTED_EDGE('',*,*,#614,.T.);
#997=ORIENTED_EDGE('',*,*,#601,.T.);
#998=ORIENTED_EDGE('',*,*,#605,.T.);
#999=ORIENTED_EDGE('',*,*,#608,.T.);
#1000=ORIENTED_EDGE('',*,*,#611,.T.);
#1001=ORIENTED_EDGE('',*,*,#635,.T.);
#1002=ORIENTED_EDGE('',*,*,#632,.T.);
#1003=ORIENTED_EDGE('',*,*,#619,.T.);
#1004=ORIENTED_EDGE('',*,*,#623,.T.);
#1005=ORIENTED_EDGE('',*,*,#626,.T.);
#1006=ORIENTED_EDGE('',*,*,#629,.T.);
#1007=ORIENTED_EDGE('',*,*,#653,.T.);
#1008=ORIENTED_EDGE('',*,*,#650,.T.);
#1009=ORIENTED_EDGE('',*,*,#637,.T.);
#1010=ORIENTED_EDGE('',*,*,#641,.T.);
#1011=ORIENTED_EDGE('',*,*,#644,.T.);
#1012=ORIENTED_EDGE('',*,*,#647,.T.);
#1013=ORIENTED_EDGE('',*,*,#671,.T.);
#1014=ORIENTED_EDGE('',*,*,#668,.T.);
#1015=ORIENTED_EDGE('',*,*,#655,.T.);
#1016=ORIENTED_EDGE('',*,*,#659,.T.);
#1017=ORIENTED_EDGE('',*,*,#662,.T.);
#1018=ORIENTED_EDGE('',*,*,#665,.T.);
#1019=ORIENTED_EDGE('',*,*,#715,.F.);
#1020=ORIENTED_EDGE('',*,*,#697,.T.);
#1021=ORIENTED_EDGE('',*,*,#694,.T.);
#1022=ORIENTED_EDGE('',*,*,#703,.T.);
#1023=ORIENTED_EDGE('',*,*,#700,.T.);
#1024=ORIENTED_EDGE('',*,*,#557,.T.);
#1025=ORIENTED_EDGE('',*,*,#713,.F.);
#1026=ORIENTED_EDGE('',*,*,#689,.T.);
#1027=ORIENTED_EDGE('',*,*,#705,.T.);
#1028=ORIENTED_EDGE('',*,*,#708,.T.);
#1029=ORIENTED_EDGE('',*,*,#684,.T.);
#1030=ORIENTED_EDGE('',*,*,#711,.F.);
#1031=ORIENTED_EDGE('',*,*,#680,.T.);
#1032=ORIENTED_EDGE('',*,*,#564,.T.);
#1033=ORIENTED_EDGE('',*,*,#710,.F.);
#1034=ORIENTED_EDGE('',*,*,#686,.T.);
#1035=ORIENTED_EDGE('',*,*,#707,.T.);
#1036=ORIENTED_EDGE('',*,*,#709,.T.);
#1037=ORIENTED_EDGE('',*,*,#678,.T.);
#1038=ORIENTED_EDGE('',*,*,#712,.F.);
#1039=ORIENTED_EDGE('',*,*,#674,.T.);
#1040=PLANE('',#1159);
#1041=PLANE('',#1160);
#1042=PLANE('',#1172);
#1043=PLANE('',#1175);
#1044=PLANE('',#1176);
#1045=PLANE('',#1186);
#1046=PLANE('',#1188);
#1047=PLANE('',#1190);
#1048=PLANE('',#1192);
#1049=PLANE('',#1194);
#1050=PLANE('',#1196);
#1051=PLANE('',#1198);
#1052=PLANE('',#1200);
#1053=PLANE('',#1201);
#1054=PLANE('',#1203);
#1055=PLANE('',#1205);
#1056=PLANE('',#1207);
#1057=PLANE('',#1209);
#1058=PLANE('',#1211);
#1059=PLANE('',#1213);
#1060=PLANE('',#1214);
#1061=PLANE('',#1216);
#1062=PLANE('',#1218);
#1063=PLANE('',#1220);
#1064=PLANE('',#1222);
#1065=PLANE('',#1224);
#1066=PLANE('',#1226);
#1067=PLANE('',#1227);
#1068=PLANE('',#1229);
#1069=PLANE('',#1231);
#1070=PLANE('',#1233);
#1071=PLANE('',#1235);
#1072=PLANE('',#1237);
#1073=PLANE('',#1239);
#1074=PLANE('',#1240);
#1075=PLANE('',#1241);
#1076=PLANE('',#1242);
#1077=PLANE('',#1243);
#1078=PLANE('',#1244);
#1079=PLANE('',#1245);
#1080=PLANE('',#1246);
#1081=PLANE('',#1247);
#1082=PLANE('',#1248);
#1083=PLANE('',#1249);
#1084=PLANE('',#1256);
#1085=PLANE('',#1257);
#1086=PLANE('',#1268);
#1087=ADVANCED_FACE('',(#100),#1040,.T.);
#1088=ADVANCED_FACE('',(#101),#1041,.T.);
#1089=ADVANCED_FACE('',(#102),#89,.F.);
#1090=ADVANCED_FACE('',(#103),#90,.F.);
#1091=ADVANCED_FACE('',(#104),#91,.F.);
#1092=ADVANCED_FACE('',(#105),#92,.F.);
#1093=ADVANCED_FACE('',(#106),#93,.F.);
#1094=ADVANCED_FACE('',(#107),#1042,.T.);
#1095=ADVANCED_FACE('',(#108),#1043,.T.);
#1096=ADVANCED_FACE('',(#109,#15),#1044,.T.);
#1097=ADVANCED_FACE('',(#110),#1045,.T.);
#1098=ADVANCED_FACE('',(#111),#1046,.F.);
#1099=ADVANCED_FACE('',(#112),#1047,.F.);
#1100=ADVANCED_FACE('',(#113),#1048,.F.);
#1101=ADVANCED_FACE('',(#114),#1049,.F.);
#1102=ADVANCED_FACE('',(#115),#1050,.F.);
#1103=ADVANCED_FACE('',(#116),#1051,.F.);
#1104=ADVANCED_FACE('',(#117,#16),#1052,.F.);
#1105=ADVANCED_FACE('',(#118),#1053,.F.);
#1106=ADVANCED_FACE('',(#119),#1054,.F.);
#1107=ADVANCED_FACE('',(#120),#1055,.F.);
#1108=ADVANCED_FACE('',(#121),#1056,.F.);
#1109=ADVANCED_FACE('',(#122),#1057,.F.);
#1110=ADVANCED_FACE('',(#123),#1058,.F.);
#1111=ADVANCED_FACE('',(#124,#17),#1059,.F.);
#1112=ADVANCED_FACE('',(#125),#1060,.F.);
#1113=ADVANCED_FACE('',(#126),#1061,.F.);
#1114=ADVANCED_FACE('',(#127),#1062,.F.);
#1115=ADVANCED_FACE('',(#128),#1063,.F.);
#1116=ADVANCED_FACE('',(#129),#1064,.F.);
#1117=ADVANCED_FACE('',(#130),#1065,.F.);
#1118=ADVANCED_FACE('',(#131,#18),#1066,.F.);
#1119=ADVANCED_FACE('',(#132),#1067,.F.);
#1120=ADVANCED_FACE('',(#133),#1068,.F.);
#1121=ADVANCED_FACE('',(#134),#1069,.F.);
#1122=ADVANCED_FACE('',(#135),#1070,.F.);
#1123=ADVANCED_FACE('',(#136),#1071,.F.);
#1124=ADVANCED_FACE('',(#137),#1072,.F.);
#1125=ADVANCED_FACE('',(#138,#19),#1073,.F.);
#1126=ADVANCED_FACE('',(#139),#1074,.T.);
#1127=ADVANCED_FACE('',(#140),#1075,.T.);
#1128=ADVANCED_FACE('',(#141),#1076,.T.);
#1129=ADVANCED_FACE('',(#142),#1077,.T.);
#1130=ADVANCED_FACE('',(#143),#1078,.T.);
#1131=ADVANCED_FACE('',(#144),#1079,.T.);
#1132=ADVANCED_FACE('',(#145),#1080,.T.);
#1133=ADVANCED_FACE('',(#146),#1081,.T.);
#1134=ADVANCED_FACE('',(#147),#1082,.T.);
#1135=ADVANCED_FACE('',(#148),#1083,.T.);
#1136=ADVANCED_FACE('',(#149),#94,.T.);
#1137=ADVANCED_FACE('',(#150),#1084,.F.);
#1138=ADVANCED_FACE('',(#151),#1085,.T.);
#1139=ADVANCED_FACE('',(#152,#20),#95,.F.);
#1140=ADVANCED_FACE('',(#153,#21),#96,.F.);
#1141=ADVANCED_FACE('',(#154,#22),#97,.F.);
#1142=ADVANCED_FACE('',(#155,#23),#98,.F.);
#1143=ADVANCED_FACE('',(#156,#24,#25,#26,#27),#99,.T.);
#1144=ADVANCED_FACE('',(#157,#28,#29,#30,#31,#32),#1086,.F.);
#1145=CLOSED_SHELL('',(#1087,#1088,#1089,#1090,#1091,#1092,#1093,#1094,
#1095,#1096,#1097,#1098,#1099,#1100,#1101,#1102,#1103,#1104,#1105,#1106,
#1107,#1108,#1109,#1110,#1111,#1112,#1113,#1114,#1115,#1116,#1117,#1118,
#1119,#1120,#1121,#1122,#1123,#1124,#1125,#1126,#1127,#1128,#1129,#1130,
#1131,#1132,#1133,#1134,#1135,#1136,#1137,#1138,#1139,#1140,#1141,#1142,
#1143,#1144));
#1146=DERIVED_UNIT_ELEMENT(#1148,1.);
#1147=DERIVED_UNIT_ELEMENT(#2063,-3.);
#1148=(
MASS_UNIT()
NAMED_UNIT(*)
SI_UNIT(.KILO.,.GRAM.)
);
#1149=DERIVED_UNIT((#1146,#1147));
#1150=MEASURE_REPRESENTATION_ITEM('density measure',
POSITIVE_RATIO_MEASURE(7850.),#1149);
#1151=PROPERTY_DEFINITION_REPRESENTATION(#1156,#1153);
#1152=PROPERTY_DEFINITION_REPRESENTATION(#1157,#1154);
#1153=REPRESENTATION('material name',(#1155),#2060);
#1154=REPRESENTATION('density',(#1150),#2060);
#1155=DESCRIPTIVE_REPRESENTATION_ITEM('Steel','Steel');
#1156=PROPERTY_DEFINITION('material property','material name',#2070);
#1157=PROPERTY_DEFINITION('material property','density of part',#2070);
#1158=AXIS2_PLACEMENT_3D('',#1597,#1269,#1270);
#1159=AXIS2_PLACEMENT_3D('',#1598,#1271,#1272);
#1160=AXIS2_PLACEMENT_3D('',#1607,#1277,#1278);
#1161=AXIS2_PLACEMENT_3D('',#1622,#1286,#1287);
#1162=AXIS2_PLACEMENT_3D('',#1624,#1288,#1289);
#1163=AXIS2_PLACEMENT_3D('',#1661,#1291,#1292);
#1164=AXIS2_PLACEMENT_3D('',#1663,#1293,#1294);
#1165=AXIS2_PLACEMENT_3D('',#1700,#1296,#1297);
#1166=AXIS2_PLACEMENT_3D('',#1702,#1298,#1299);
#1167=AXIS2_PLACEMENT_3D('',#1739,#1301,#1302);
#1168=AXIS2_PLACEMENT_3D('',#1741,#1303,#1304);
#1169=AXIS2_PLACEMENT_3D('',#1778,#1306,#1307);
#1170=AXIS2_PLACEMENT_3D('',#1780,#1308,#1309);
#1171=AXIS2_PLACEMENT_3D('',#1783,#1311,#1312);
#1172=AXIS2_PLACEMENT_3D('',#1784,#1313,#1314);
#1173=AXIS2_PLACEMENT_3D('',#1787,#1315,#1316);
#1174=AXIS2_PLACEMENT_3D('',#1790,#1318,#1319);
#1175=AXIS2_PLACEMENT_3D('',#1791,#1320,#1321);
#1176=AXIS2_PLACEMENT_3D('',#1795,#1324,#1325);
#1177=AXIS2_PLACEMENT_3D('',#1797,#1326,#1327);
#1178=AXIS2_PLACEMENT_3D('',#1800,#1329,#1330);
#1179=AXIS2_PLACEMENT_3D('',#1802,#1331,#1332);
#1180=AXIS2_PLACEMENT_3D('',#1804,#1333,#1334);
#1181=AXIS2_PLACEMENT_3D('',#1808,#1336,#1337);
#1182=AXIS2_PLACEMENT_3D('',#1812,#1339,#1340);
#1183=AXIS2_PLACEMENT_3D('',#1816,#1342,#1343);
#1184=AXIS2_PLACEMENT_3D('',#1820,#1345,#1346);
#1185=AXIS2_PLACEMENT_3D('',#1823,#1348,#1349);
#1186=AXIS2_PLACEMENT_3D('',#1824,#1350,#1351);
#1187=AXIS2_PLACEMENT_3D('',#1825,#1352,#1353);
#1188=AXIS2_PLACEMENT_3D('',#1826,#1354,#1355);
#1189=AXIS2_PLACEMENT_3D('',#1829,#1356,#1357);
#1190=AXIS2_PLACEMENT_3D('',#1835,#1361,#1362);
#1191=AXIS2_PLACEMENT_3D('',#1837,#1363,#1364);
#1192=AXIS2_PLACEMENT_3D('',#1841,#1367,#1368);
#1193=AXIS2_PLACEMENT_3D('',#1843,#1369,#1370);
#1194=AXIS2_PLACEMENT_3D('',#1847,#1373,#1374);
#1195=AXIS2_PLACEMENT_3D('',#1849,#1375,#1376);
#1196=AXIS2_PLACEMENT_3D('',#1853,#1379,#1380);
#1197=AXIS2_PLACEMENT_3D('',#1855,#1381,#1382);
#1198=AXIS2_PLACEMENT_3D('',#1859,#1385,#1386);
#1199=AXIS2_PLACEMENT_3D('',#1860,#1387,#1388);
#1200=AXIS2_PLACEMENT_3D('',#1862,#1390,#1391);
#1201=AXIS2_PLACEMENT_3D('',#1863,#1392,#1393);
#1202=AXIS2_PLACEMENT_3D('',#1866,#1394,#1395);
#1203=AXIS2_PLACEMENT_3D('',#1872,#1399,#1400);
#1204=AXIS2_PLACEMENT_3D('',#1874,#1401,#1402);
#1205=AXIS2_PLACEMENT_3D('',#1878,#1405,#1406);
#1206=AXIS2_PLACEMENT_3D('',#1880,#1407,#1408);
#1207=AXIS2_PLACEMENT_3D('',#1884,#1411,#1412);
#1208=AXIS2_PLACEMENT_3D('',#1886,#1413,#1414);
#1209=AXIS2_PLACEMENT_3D('',#1890,#1417,#1418);
#1210=AXIS2_PLACEMENT_3D('',#1892,#1419,#1420);
#1211=AXIS2_PLACEMENT_3D('',#1896,#1423,#1424);
#1212=AXIS2_PLACEMENT_3D('',#1897,#1425,#1426);
#1213=AXIS2_PLACEMENT_3D('',#1899,#1428,#1429);
#1214=AXIS2_PLACEMENT_3D('',#1900,#1430,#1431);
#1215=AXIS2_PLACEMENT_3D('',#1903,#1432,#1433);
#1216=AXIS2_PLACEMENT_3D('',#1909,#1437,#1438);
#1217=AXIS2_PLACEMENT_3D('',#1911,#1439,#1440);
#1218=AXIS2_PLACEMENT_3D('',#1915,#1443,#1444);
#1219=AXIS2_PLACEMENT_3D('',#1917,#1445,#1446);
#1220=AXIS2_PLACEMENT_3D('',#1921,#1449,#1450);
#1221=AXIS2_PLACEMENT_3D('',#1923,#1451,#1452);
#1222=AXIS2_PLACEMENT_3D('',#1927,#1455,#1456);
#1223=AXIS2_PLACEMENT_3D('',#1929,#1457,#1458);
#1224=AXIS2_PLACEMENT_3D('',#1933,#1461,#1462);
#1225=AXIS2_PLACEMENT_3D('',#1934,#1463,#1464);
#1226=AXIS2_PLACEMENT_3D('',#1936,#1466,#1467);
#1227=AXIS2_PLACEMENT_3D('',#1937,#1468,#1469);
#1228=AXIS2_PLACEMENT_3D('',#1940,#1470,#1471);
#1229=AXIS2_PLACEMENT_3D('',#1946,#1475,#1476);
#1230=AXIS2_PLACEMENT_3D('',#1948,#1477,#1478);
#1231=AXIS2_PLACEMENT_3D('',#1952,#1481,#1482);
#1232=AXIS2_PLACEMENT_3D('',#1954,#1483,#1484);
#1233=AXIS2_PLACEMENT_3D('',#1958,#1487,#1488);
#1234=AXIS2_PLACEMENT_3D('',#1960,#1489,#1490);
#1235=AXIS2_PLACEMENT_3D('',#1964,#1493,#1494);
#1236=AXIS2_PLACEMENT_3D('',#1966,#1495,#1496);
#1237=AXIS2_PLACEMENT_3D('',#1970,#1499,#1500);
#1238=AXIS2_PLACEMENT_3D('',#1971,#1501,#1502);
#1239=AXIS2_PLACEMENT_3D('',#1973,#1504,#1505);
#1240=AXIS2_PLACEMENT_3D('',#1974,#1506,#1507);
#1241=AXIS2_PLACEMENT_3D('',#1980,#1511,#1512);
#1242=AXIS2_PLACEMENT_3D('',#1986,#1516,#1517);
#1243=AXIS2_PLACEMENT_3D('',#1992,#1521,#1522);
#1244=AXIS2_PLACEMENT_3D('',#1998,#1526,#1527);
#1245=AXIS2_PLACEMENT_3D('',#2004,#1531,#1532);
#1246=AXIS2_PLACEMENT_3D('',#2012,#1537,#1538);
#1247=AXIS2_PLACEMENT_3D('',#2021,#1543,#1544);
#1248=AXIS2_PLACEMENT_3D('',#2027,#1548,#1549);
#1249=AXIS2_PLACEMENT_3D('',#2033,#1553,#1554);
#1250=AXIS2_PLACEMENT_3D('',#2036,#1557,#1558);
#1251=AXIS2_PLACEMENT_3D('',#2038,#1560,#1561);
#1252=AXIS2_PLACEMENT_3D('',#2039,#1562,#1563);
#1253=AXIS2_PLACEMENT_3D('',#2040,#1564,#1565);
#1254=AXIS2_PLACEMENT_3D('',#2041,#1566,#1567);
#1255=AXIS2_PLACEMENT_3D('',#2042,#1568,#1569);
#1256=AXIS2_PLACEMENT_3D('',#2043,#1570,#1571);
#1257=AXIS2_PLACEMENT_3D('',#2044,#1572,#1573);
#1258=AXIS2_PLACEMENT_3D('',#2045,#1574,#1575);
#1259=AXIS2_PLACEMENT_3D('',#2046,#1576,#1577);
#1260=AXIS2_PLACEMENT_3D('',#2047,#1578,#1579);
#1261=AXIS2_PLACEMENT_3D('',#2048,#1580,#1581);
#1262=AXIS2_PLACEMENT_3D('',#2049,#1582,#1583);
#1263=AXIS2_PLACEMENT_3D('',#2050,#1584,#1585);
#1264=AXIS2_PLACEMENT_3D('',#2051,#1586,#1587);
#1265=AXIS2_PLACEMENT_3D('',#2052,#1588,#1589);
#1266=AXIS2_PLACEMENT_3D('',#2053,#1590,#1591);
#1267=AXIS2_PLACEMENT_3D('',#2056,#1593,#1594);
#1268=AXIS2_PLACEMENT_3D('',#2057,#1595,#1596);
#1269=DIRECTION('axis',(0.,0.,1.));
#1270=DIRECTION('refdir',(1.,0.,0.));
#1271=DIRECTION('center_axis',(0.,1.,0.));
#1272=DIRECTION('ref_axis',(1.,0.,0.));
#1273=DIRECTION('',(0.,0.,1.));
#1274=DIRECTION('',(-1.,0.,0.));
#1275=DIRECTION('',(0.,0.,1.));
#1276=DIRECTION('',(1.,0.,0.));
#1277=DIRECTION('center_axis',(-1.,3.49676543189026E-17,0.));
#1278=DIRECTION('ref_axis',(3.49676543189026E-17,1.,0.));
#1279=DIRECTION('',(0.,0.,1.));
#1280=DIRECTION('',(-3.49676543189026E-17,-1.,0.));
#1281=DIRECTION('',(2.47258654910831E-17,0.707106781186548,-0.707106781186548));
#1282=DIRECTION('',(0.,0.707106781186548,0.707106781186547));
#1283=DIRECTION('',(-3.49676543189026E-17,-1.,0.));
#1284=DIRECTION('',(0.,0.,1.));
#1285=DIRECTION('',(3.49676543189026E-17,1.,0.));
#1286=DIRECTION('center_axis',(0.707106781186548,0.707106781186547,0.));
#1287=DIRECTION('ref_axis',(0.707106781186547,-0.707106781186548,0.));
#1288=DIRECTION('center_axis',(0.707106781186548,0.707106781186547,0.));
#1289=DIRECTION('ref_axis',(0.707106781186547,-0.707106781186548,0.));
#1290=DIRECTION('',(0.707106781186548,0.707106781186547,0.));
#1291=DIRECTION('center_axis',(0.707106781186547,-0.707106781186548,0.));
#1292=DIRECTION('ref_axis',(-0.707106781186548,-0.707106781186547,0.));
#1293=DIRECTION('center_axis',(0.707106781186548,-0.707106781186548,0.));
#1294=DIRECTION('ref_axis',(-0.707106781186548,-0.707106781186547,0.));
#1295=DIRECTION('',(0.707106781186547,-0.707106781186548,0.));
#1296=DIRECTION('center_axis',(-0.707106781186548,-0.707106781186547,0.));
#1297=DIRECTION('ref_axis',(-0.707106781186547,0.707106781186548,0.));
#1298=DIRECTION('center_axis',(-0.707106781186548,-0.707106781186548,0.));
#1299=DIRECTION('ref_axis',(-0.707106781186547,0.707106781186548,0.));
#1300=DIRECTION('',(-0.707106781186548,-0.707106781186547,0.));
#1301=DIRECTION('center_axis',(-0.707106781186547,0.707106781186548,0.));
#1302=DIRECTION('ref_axis',(0.707106781186548,0.707106781186547,0.));
#1303=DIRECTION('center_axis',(-0.707106781186547,0.707106781186548,0.));
#1304=DIRECTION('ref_axis',(0.707106781186548,0.707106781186547,0.));
#1305=DIRECTION('',(-0.707106781186547,0.707106781186548,0.));
#1306=DIRECTION('center_axis',(0.,0.707106781186548,0.707106781186547));
#1307=DIRECTION('ref_axis',(-1.,0.,0.));
#1308=DIRECTION('center_axis',(0.,0.707106781186548,0.707106781186548));
#1309=DIRECTION('ref_axis',(-1.,0.,0.));
#1310=DIRECTION('',(0.,-0.707106781186548,-0.707106781186547));
#1311=DIRECTION('center_axis',(0.,0.,-1.));
#1312=DIRECTION('ref_axis',(0.,-1.,0.));
#1313=DIRECTION('center_axis',(0.,0.707106781186548,0.707106781186548));
#1314=DIRECTION('ref_axis',(-1.,0.,0.));
#1315=DIRECTION('center_axis',(0.,-0.707106781186548,-0.707106781186548));
#1316=DIRECTION('ref_axis',(0.,-0.707106781186547,0.707106781186547));
#1317=DIRECTION('',(-1.,0.,0.));
#1318=DIRECTION('center_axis',(0.,-0.707106781186548,-0.707106781186548));
#1319=DIRECTION('ref_axis',(0.,-0.707106781186547,0.707106781186547));
#1320=DIRECTION('center_axis',(0.,0.707106781186548,0.707106781186548));
#1321=DIRECTION('ref_axis',(-1.,0.,0.));
#1322=DIRECTION('',(-1.,0.,0.));
#1323=DIRECTION('',(-2.47258654910831E-16,-0.707106781186548,0.707106781186548));
#1324=DIRECTION('center_axis',(0.,0.,1.));
#1325=DIRECTION('ref_axis',(1.,0.,0.));
#1326=DIRECTION('center_axis',(0.,0.,1.));
#1327=DIRECTION('ref_axis',(1.,0.,0.));
#1328=DIRECTION('',(3.49676543189026E-16,1.,0.));
#1329=DIRECTION('center_axis',(0.,0.,-1.));
#1330=DIRECTION('ref_axis',(1.,0.,0.));
#1331=DIRECTION('center_axis',(0.,0.,1.));
#1332=DIRECTION('ref_axis',(-1.,0.,0.));
#1333=DIRECTION('center_axis',(0.,0.,1.));
#1334=DIRECTION('ref_axis',(-1.,0.,0.));
#1335=DIRECTION('',(1.,0.,0.));
#1336=DIRECTION('center_axis',(0.,0.,-1.));
#1337=DIRECTION('ref_axis',(1.,0.,0.));
#1338=DIRECTION('',(3.49676543189026E-16,1.,0.));
#1339=DIRECTION('center_axis',(0.,0.,1.));
#1340=DIRECTION('ref_axis',(-1.,0.,0.));
#1341=DIRECTION('',(-3.49676543189026E-17,-1.,0.));
#1342=DIRECTION('center_axis',(0.,0.,-1.));
#1343=DIRECTION('ref_axis',(1.,0.,0.));
#1344=DIRECTION('',(1.,0.,0.));
#1345=DIRECTION('center_axis',(0.,0.,1.));
#1346=DIRECTION('ref_axis',(-1.,0.,0.));
#1347=DIRECTION('',(-1.,0.,0.));
#1348=DIRECTION('center_axis',(0.,0.,-1.));
#1349=DIRECTION('ref_axis',(1.,0.,0.));
#1350=DIRECTION('center_axis',(0.,0.,1.));
#1351=DIRECTION('ref_axis',(-1.,0.,0.));
#1352=DIRECTION('center_axis',(0.,0.,1.));
#1353=DIRECTION('ref_axis',(-1.,0.,0.));
#1354=DIRECTION('center_axis',(0.612372435695795,0.612372435695795,-0.499999999999998));
#1355=DIRECTION('ref_axis',(-0.353553390593273,-0.353553390593273,-0.86602540378444));
#1356=DIRECTION('center_axis',(0.612372435695795,0.612372435695795,-0.499999999999998));
#1357=DIRECTION('ref_axis',(0.353553390593273,0.353553390593273,0.86602540378444));
#1358=DIRECTION('',(-0.707106781186547,0.707106781186548,0.));
#1359=DIRECTION('',(-0.353553390593273,-0.353553390593273,-0.86602540378444));
#1360=DIRECTION('',(-0.707106781186547,0.707106781186548,0.));
#1361=DIRECTION('center_axis',(0.,0.,-1.));
#1362=DIRECTION('ref_axis',(-0.707106781186548,-0.707106781186547,0.));
#1363=DIRECTION('center_axis',(0.,0.,-1.));
#1364=DIRECTION('ref_axis',(1.,0.,0.));
#1365=DIRECTION('',(-0.707106781186548,-0.707106781186547,0.));
#1366=DIRECTION('',(-0.707106781186547,0.707106781186548,0.));
#1367=DIRECTION('center_axis',(-0.612372435695795,-0.612372435695795,-0.499999999999998));
#1368=DIRECTION('ref_axis',(-0.353553390593273,-0.353553390593273,0.86602540378444));
#1369=DIRECTION('center_axis',(-0.612372435695795,-0.612372435695795,-0.499999999999998));
#1370=DIRECTION('ref_axis',(0.353553390593273,0.353553390593273,-0.86602540378444));
#1371=DIRECTION('',(-0.353553390593273,-0.353553390593273,0.86602540378444));
#1372=DIRECTION('',(-0.707106781186547,0.707106781186548,0.));
#1373=DIRECTION('center_axis',(-0.612372435695795,-0.612372435695795,0.499999999999998));
#1374=DIRECTION('ref_axis',(0.353553390593273,0.353553390593273,0.86602540378444));
#1375=DIRECTION('center_axis',(-0.612372435695795,-0.612372435695795,0.499999999999998));
#1376=DIRECTION('ref_axis',(0.353553390593273,0.353553390593273,0.86602540378444));
#1377=DIRECTION('',(0.353553390593273,0.353553390593273,0.86602540378444));
#1378=DIRECTION('',(-0.707106781186547,0.707106781186548,0.));
#1379=DIRECTION('center_axis',(0.612372435695795,0.612372435695795,0.499999999999998));
#1380=DIRECTION('ref_axis',(0.353553390593273,0.353553390593273,-0.86602540378444));
#1381=DIRECTION('center_axis',(0.612372435695795,0.612372435695795,0.499999999999998));
#1382=DIRECTION('ref_axis',(0.353553390593273,0.353553390593273,-0.86602540378444));
#1383=DIRECTION('',(-0.707106781186547,0.707106781186548,0.));
#1384=DIRECTION('',(0.353553390593273,0.353553390593273,-0.86602540378444));
#1385=DIRECTION('center_axis',(0.,0.,1.));
#1386=DIRECTION('ref_axis',(0.707106781186548,0.707106781186547,0.));
#1387=DIRECTION('center_axis',(0.,0.,1.));
#1388=DIRECTION('ref_axis',(1.,0.,0.));
#1389=DIRECTION('',(0.707106781186548,0.707106781186547,0.));
#1390=DIRECTION('center_axis',(-0.707106781186547,0.707106781186548,0.));
#1391=DIRECTION('ref_axis',(0.,0.,1.));
#1392=DIRECTION('center_axis',(0.612372435695795,-0.612372435695795,-0.499999999999998));
#1393=DIRECTION('ref_axis',(-0.353553390593273,0.353553390593273,-0.86602540378444));
#1394=DIRECTION('center_axis',(0.612372435695795,-0.612372435695795,-0.499999999999998));
#1395=DIRECTION('ref_axis',(0.353553390593273,-0.353553390593273,0.86602540378444));
#1396=DIRECTION('',(0.707106781186548,0.707106781186547,0.));
#1397=DIRECTION('',(-0.353553390593273,0.353553390593273,-0.86602540378444));
#1398=DIRECTION('',(0.707106781186548,0.707106781186547,0.));
#1399=DIRECTION('center_axis',(0.,0.,-1.));
#1400=DIRECTION('ref_axis',(-0.707106781186547,0.707106781186548,0.));
#1401=DIRECTION('center_axis',(0.,0.,-1.));
#1402=DIRECTION('ref_axis',(1.,0.,0.));
#1403=DIRECTION('',(-0.707106781186547,0.707106781186548,0.));
#1404=DIRECTION('',(0.707106781186548,0.707106781186547,0.));
#1405=DIRECTION('center_axis',(-0.612372435695795,0.612372435695795,-0.499999999999998));
#1406=DIRECTION('ref_axis',(-0.353553390593273,0.353553390593273,0.86602540378444));
#1407=DIRECTION('center_axis',(-0.612372435695795,0.612372435695795,-0.499999999999998));
#1408=DIRECTION('ref_axis',(0.353553390593273,-0.353553390593273,-0.86602540378444));
#1409=DIRECTION('',(-0.353553390593273,0.353553390593273,0.86602540378444));
#1410=DIRECTION('',(0.707106781186548,0.707106781186547,0.));
#1411=DIRECTION('center_axis',(-0.612372435695795,0.612372435695795,0.499999999999998));
#1412=DIRECTION('ref_axis',(0.353553390593273,-0.353553390593273,0.86602540378444));
#1413=DIRECTION('center_axis',(-0.612372435695795,0.612372435695795,0.499999999999998));
#1414=DIRECTION('ref_axis',(0.353553390593273,-0.353553390593273,0.86602540378444));
#1415=DIRECTION('',(0.353553390593273,-0.353553390593273,0.86602540378444));
#1416=DIRECTION('',(0.707106781186548,0.707106781186547,0.));
#1417=DIRECTION('center_axis',(0.612372435695795,-0.612372435695795,0.499999999999998));
#1418=DIRECTION('ref_axis',(0.353553390593273,-0.353553390593273,-0.86602540378444));
#1419=DIRECTION('center_axis',(0.612372435695795,-0.612372435695795,0.499999999999998));
#1420=DIRECTION('ref_axis',(0.353553390593273,-0.353553390593273,-0.86602540378444));
#1421=DIRECTION('',(0.707106781186548,0.707106781186547,0.));
#1422=DIRECTION('',(0.353553390593273,-0.353553390593273,-0.86602540378444));
#1423=DIRECTION('center_axis',(0.,0.,1.));
#1424=DIRECTION('ref_axis',(0.707106781186547,-0.707106781186548,0.));
#1425=DIRECTION('center_axis',(0.,0.,1.));
#1426=DIRECTION('ref_axis',(1.,0.,0.));
#1427=DIRECTION('',(0.707106781186547,-0.707106781186548,0.));
#1428=DIRECTION('center_axis',(0.707106781186548,0.707106781186547,0.));
#1429=DIRECTION('ref_axis',(0.,0.,1.));
#1430=DIRECTION('center_axis',(-0.612372435695795,-0.612372435695795,-0.499999999999998));
#1431=DIRECTION('ref_axis',(0.353553390593273,0.353553390593273,-0.86602540378444));
#1432=DIRECTION('center_axis',(-0.612372435695795,-0.612372435695795,-0.499999999999998));
#1433=DIRECTION('ref_axis',(0.353553390593273,0.353553390593273,-0.866025403784439));
#1434=DIRECTION('',(0.707106781186548,-0.707106781186548,0.));
#1435=DIRECTION('',(0.353553390593273,0.353553390593273,-0.86602540378444));
#1436=DIRECTION('',(0.707106781186548,-0.707106781186548,0.));
#1437=DIRECTION('center_axis',(0.,0.,-1.));
#1438=DIRECTION('ref_axis',(0.707106781186548,0.707106781186548,0.));
#1439=DIRECTION('center_axis',(0.,0.,-1.));
#1440=DIRECTION('ref_axis',(1.,0.,0.));
#1441=DIRECTION('',(0.707106781186548,0.707106781186548,0.));
#1442=DIRECTION('',(0.707106781186548,-0.707106781186548,0.));
#1443=DIRECTION('center_axis',(0.612372435695795,0.612372435695795,-0.499999999999998));
#1444=DIRECTION('ref_axis',(0.353553390593273,0.353553390593273,0.86602540378444));
#1445=DIRECTION('center_axis',(0.612372435695795,0.612372435695795,-0.499999999999998));
#1446=DIRECTION('ref_axis',(0.353553390593273,0.353553390593273,0.866025403784439));
#1447=DIRECTION('',(0.353553390593273,0.353553390593273,0.86602540378444));
#1448=DIRECTION('',(0.707106781186548,-0.707106781186548,0.));
#1449=DIRECTION('center_axis',(0.612372435695795,0.612372435695795,0.499999999999998));
#1450=DIRECTION('ref_axis',(-0.353553390593273,-0.353553390593273,0.86602540378444));
#1451=DIRECTION('center_axis',(0.612372435695795,0.612372435695795,0.499999999999998));
#1452=DIRECTION('ref_axis',(0.353553390593273,0.353553390593273,-0.866025403784439));
#1453=DIRECTION('',(-0.353553390593273,-0.353553390593273,0.86602540378444));
#1454=DIRECTION('',(0.707106781186548,-0.707106781186548,0.));
#1455=DIRECTION('center_axis',(-0.612372435695795,-0.612372435695795,0.499999999999998));
#1456=DIRECTION('ref_axis',(-0.353553390593273,-0.353553390593273,-0.86602540378444));
#1457=DIRECTION('center_axis',(-0.612372435695795,-0.612372435695795,0.499999999999998));
#1458=DIRECTION('ref_axis',(0.353553390593273,0.353553390593273,0.866025403784439));
#1459=DIRECTION('',(0.707106781186548,-0.707106781186548,0.));
#1460=DIRECTION('',(-0.353553390593273,-0.353553390593273,-0.86602540378444));
#1461=DIRECTION('center_axis',(0.,0.,1.));
#1462=DIRECTION('ref_axis',(-0.707106781186548,-0.707106781186548,0.));
#1463=DIRECTION('center_axis',(0.,0.,1.));
#1464=DIRECTION('ref_axis',(1.,0.,0.));
#1465=DIRECTION('',(-0.707106781186548,-0.707106781186548,0.));
#1466=DIRECTION('center_axis',(0.707106781186548,-0.707106781186548,0.));
#1467=DIRECTION('ref_axis',(0.,0.,1.));
#1468=DIRECTION('center_axis',(-0.612372435695795,0.612372435695795,-0.499999999999998));
#1469=DIRECTION('ref_axis',(0.353553390593273,-0.353553390593273,-0.86602540378444));
#1470=DIRECTION('center_axis',(-0.612372435695795,0.612372435695795,-0.499999999999998));
#1471=DIRECTION('ref_axis',(0.353553390593273,-0.353553390593273,-0.866025403784439));
#1472=DIRECTION('',(-0.707106781186548,-0.707106781186548,0.));
#1473=DIRECTION('',(0.353553390593273,-0.353553390593273,-0.86602540378444));
#1474=DIRECTION('',(-0.707106781186548,-0.707106781186548,0.));
#1475=DIRECTION('center_axis',(0.,0.,-1.));
#1476=DIRECTION('ref_axis',(0.707106781186548,-0.707106781186548,0.));
#1477=DIRECTION('center_axis',(0.,0.,-1.));
#1478=DIRECTION('ref_axis',(1.,0.,0.));
#1479=DIRECTION('',(0.707106781186548,-0.707106781186548,0.));
#1480=DIRECTION('',(-0.707106781186548,-0.707106781186548,0.));
#1481=DIRECTION('center_axis',(0.612372435695795,-0.612372435695795,-0.499999999999998));
#1482=DIRECTION('ref_axis',(0.353553390593273,-0.353553390593273,0.86602540378444));
#1483=DIRECTION('center_axis',(0.612372435695795,-0.612372435695795,-0.499999999999998));
#1484=DIRECTION('ref_axis',(0.353553390593273,-0.353553390593273,0.866025403784439));
#1485=DIRECTION('',(0.353553390593273,-0.353553390593273,0.86602540378444));
#1486=DIRECTION('',(-0.707106781186548,-0.707106781186548,0.));
#1487=DIRECTION('center_axis',(0.612372435695795,-0.612372435695795,0.499999999999998));
#1488=DIRECTION('ref_axis',(-0.353553390593273,0.353553390593273,0.86602540378444));
#1489=DIRECTION('center_axis',(0.612372435695795,-0.612372435695795,0.499999999999998));
#1490=DIRECTION('ref_axis',(0.353553390593273,-0.353553390593273,-0.866025403784439));
#1491=DIRECTION('',(-0.353553390593273,0.353553390593273,0.86602540378444));
#1492=DIRECTION('',(-0.707106781186548,-0.707106781186548,0.));
#1493=DIRECTION('center_axis',(-0.612372435695795,0.612372435695795,0.499999999999998));
#1494=DIRECTION('ref_axis',(-0.353553390593273,0.353553390593273,-0.86602540378444));
#1495=DIRECTION('center_axis',(-0.612372435695795,0.612372435695795,0.499999999999998));
#1496=DIRECTION('ref_axis',(0.353553390593273,-0.353553390593273,0.866025403784439));
#1497=DIRECTION('',(-0.707106781186548,-0.707106781186548,0.));
#1498=DIRECTION('',(-0.353553390593273,0.353553390593273,-0.86602540378444));
#1499=DIRECTION('center_axis',(0.,0.,1.));
#1500=DIRECTION('ref_axis',(-0.707106781186548,0.707106781186548,0.));
#1501=DIRECTION('center_axis',(0.,0.,1.));
#1502=DIRECTION('ref_axis',(1.,0.,0.));
#1503=DIRECTION('',(-0.707106781186548,0.707106781186548,0.));
#1504=DIRECTION('center_axis',(-0.707106781186548,-0.707106781186548,0.));
#1505=DIRECTION('ref_axis',(0.,0.,1.));
#1506=DIRECTION('center_axis',(0.,-1.,0.));
#1507=DIRECTION('ref_axis',(-1.,0.,0.));
#1508=DIRECTION('',(0.,0.,-1.));
#1509=DIRECTION('',(-1.,0.,0.));
#1510=DIRECTION('',(0.,0.,-1.));
#1511=DIRECTION('center_axis',(1.,-3.49676543189026E-16,0.));
#1512=DIRECTION('ref_axis',(-3.49676543189026E-16,-1.,0.));
#1513=DIRECTION('',(0.,0.,1.));
#1514=DIRECTION('',(0.,0.,1.));
#1515=DIRECTION('',(-3.49676543189026E-16,-1.,0.));
#1516=DIRECTION('center_axis',(-1.,3.49676543189026E-17,0.));
#1517=DIRECTION('ref_axis',(3.49676543189026E-17,1.,0.));
#1518=DIRECTION('',(0.,0.,-1.));
#1519=DIRECTION('',(3.49676543189026E-17,1.,0.));
#1520=DIRECTION('',(0.,0.,-1.));
#1521=DIRECTION('center_axis',(0.,-1.,0.));
#1522=DIRECTION('ref_axis',(-1.,0.,0.));
#1523=DIRECTION('',(0.,0.,1.));
#1524=DIRECTION('',(0.,0.,1.));
#1525=DIRECTION('',(-1.,0.,0.));
#1526=DIRECTION('center_axis',(0.,1.,0.));
#1527=DIRECTION('ref_axis',(1.,0.,0.));
#1528=DIRECTION('',(0.,0.,-1.));
#1529=DIRECTION('',(1.,0.,0.));
#1530=DIRECTION('',(0.,0.,-1.));
#1531=DIRECTION('center_axis',(1.,-3.49676543189026E-16,0.));
#1532=DIRECTION('ref_axis',(-3.49676543189026E-16,-1.,0.));
#1533=DIRECTION('',(0.,0.,-1.));
#1534=DIRECTION('',(-3.49676543189026E-16,-1.,0.));
#1535=DIRECTION('',(0.,0.,-1.));
#1536=DIRECTION('',(3.49676543189026E-16,1.,0.));
#1537=DIRECTION('center_axis',(-1.,3.49676543189026E-16,0.));
#1538=DIRECTION('ref_axis',(3.49676543189026E-16,1.,0.));
#1539=DIRECTION('',(-3.49676543189026E-16,-1.,0.));
#1540=DIRECTION('',(0.,0.,-1.));
#1541=DIRECTION('',(3.49676543189026E-16,1.,0.));
#1542=DIRECTION('',(0.,0.,-1.));
#1543=DIRECTION('center_axis',(0.,1.,0.));
#1544=DIRECTION('ref_axis',(1.,0.,0.));
#1545=DIRECTION('',(-1.,0.,0.));
#1546=DIRECTION('',(1.,0.,0.));
#1547=DIRECTION('',(0.,0.,-1.));
#1548=DIRECTION('center_axis',(1.,-3.49676543189026E-17,0.));
#1549=DIRECTION('ref_axis',(-3.49676543189026E-17,-1.,0.));
#1550=DIRECTION('',(3.49676543189026E-17,1.,0.));
#1551=DIRECTION('',(-3.49676543189026E-17,-1.,0.));
#1552=DIRECTION('',(0.,0.,-1.));
#1553=DIRECTION('center_axis',(0.,-1.,0.));
#1554=DIRECTION('ref_axis',(-1.,0.,0.));
#1555=DIRECTION('',(1.,0.,0.));
#1556=DIRECTION('',(-1.,0.,0.));
#1557=DIRECTION('center_axis',(0.,0.,1.));
#1558=DIRECTION('ref_axis',(-1.,0.,0.));
#1559=DIRECTION('',(0.,0.,-1.));
#1560=DIRECTION('center_axis',(0.,0.,-1.));
#1561=DIRECTION('ref_axis',(-1.,0.,0.));
#1562=DIRECTION('center_axis',(0.,0.,1.));
#1563=DIRECTION('ref_axis',(-1.,0.,0.));
#1564=DIRECTION('center_axis',(0.,0.,-1.));
#1565=DIRECTION('ref_axis',(-1.,0.,0.));
#1566=DIRECTION('center_axis',(0.,0.,-1.));
#1567=DIRECTION('ref_axis',(-1.,0.,0.));
#1568=DIRECTION('center_axis',(0.,0.,-1.));
#1569=DIRECTION('ref_axis',(-1.,0.,0.));
#1570=DIRECTION('center_axis',(0.,0.,1.));
#1571=DIRECTION('ref_axis',(-1.,0.,0.));
#1572=DIRECTION('center_axis',(0.,0.,1.));
#1573=DIRECTION('ref_axis',(1.,0.,0.));
#1574=DIRECTION('center_axis',(0.,0.,1.));
#1575=DIRECTION('ref_axis',(1.,0.,0.));
#1576=DIRECTION('center_axis',(0.,0.,-1.));
#1577=DIRECTION('ref_axis',(1.,0.,0.));
#1578=DIRECTION('center_axis',(0.,0.,1.));
#1579=DIRECTION('ref_axis',(1.,0.,0.));
#1580=DIRECTION('center_axis',(0.,0.,-1.));
#1581=DIRECTION('ref_axis',(1.,0.,0.));
#1582=DIRECTION('center_axis',(0.,0.,1.));
#1583=DIRECTION('ref_axis',(1.,0.,0.));
#1584=DIRECTION('center_axis',(0.,0.,-1.));
#1585=DIRECTION('ref_axis',(1.,0.,0.));
#1586=DIRECTION('center_axis',(0.,0.,1.));
#1587=DIRECTION('ref_axis',(1.,0.,0.));
#1588=DIRECTION('center_axis',(0.,0.,-1.));
#1589=DIRECTION('ref_axis',(1.,0.,0.));
#1590=DIRECTION('center_axis',(0.,0.,1.));
#1591=DIRECTION('ref_axis',(1.,0.,0.));
#1592=DIRECTION('',(0.,0.,-1.));
#1593=DIRECTION('center_axis',(0.,0.,1.));
#1594=DIRECTION('ref_axis',(1.,0.,0.));
#1595=DIRECTION('center_axis',(0.,0.,1.));
#1596=DIRECTION('ref_axis',(1.,0.,0.));
#1597=CARTESIAN_POINT('',(0.,0.,0.));
#1598=CARTESIAN_POINT('Origin',(0.999999999999996,0.999999999999996,8.));
#1599=CARTESIAN_POINT('',(12.4599357943771,0.999999999999996,0.));
#1600=CARTESIAN_POINT('',(12.4599357943771,0.999999999999996,8.));
#1601=CARTESIAN_POINT('',(12.4599357943771,0.999999999999996,8.));
#1602=CARTESIAN_POINT('',(58.9915248150105,0.999999999999996,8.));
#1603=CARTESIAN_POINT('',(63.5,0.999999999999996,8.));
#1604=CARTESIAN_POINT('',(58.9915248150105,0.999999999999996,0.));
#1605=CARTESIAN_POINT('',(58.9915248150105,0.999999999999996,0.));
#1606=CARTESIAN_POINT('',(63.5,0.999999999999996,0.));
#1607=CARTESIAN_POINT('Origin',(-1.,0.999999999999996,8.));
#1608=CARTESIAN_POINT('',(-1.,12.4599357943771,0.));
#1609=CARTESIAN_POINT('',(-1.,12.4599357943771,8.));
#1610=CARTESIAN_POINT('',(-1.,12.4599357943771,8.));
#1611=CARTESIAN_POINT('',(-1.,14.,8.));
#1612=CARTESIAN_POINT('',(-1.,63.5000000000005,8.));
#1613=CARTESIAN_POINT('',(-1.,16.1115352561821,5.88846474381787));
#1614=CARTESIAN_POINT('',(-1.,4.7435441821783,17.2564558178217));
#1615=CARTESIAN_POINT('',(-1.,18.2230705123643,8.));
#1616=CARTESIAN_POINT('',(-1.,16.1115352561821,5.88846474381787));
#1617=CARTESIAN_POINT('',(-1.,58.9915248150105,8.));
#1618=CARTESIAN_POINT('',(-1.,63.5000000000005,8.));
#1619=CARTESIAN_POINT('',(-1.,58.9915248150105,0.));
#1620=CARTESIAN_POINT('',(-1.,58.9915248150105,0.));
#1621=CARTESIAN_POINT('',(-1.,63.5000000000005,0.));
#1622=CARTESIAN_POINT('Origin',(-43.133514326729,-43.133514326729,3.99999991059303));
#1623=CARTESIAN_POINT('',(-44.3709511938054,-41.8960774596525,3.99999991059303));
#1624=CARTESIAN_POINT('Origin',(-43.133514326729,-43.1335143267289,3.99999991059303));
#1625=CARTESIAN_POINT('',(-42.9383811009904,-40.4635073668375,3.99999991059303));
#1626=CARTESIAN_POINT('',(-44.3709511938054,-41.8960774596525,3.99999991059303));
#1627=CARTESIAN_POINT('Ctrl Pts',(-42.9383811009904,-40.4635073668375,3.99999991059303));
#1628=CARTESIAN_POINT('Ctrl Pts',(-42.9383811009904,-40.4635073668375,3.78025218049578));
#1629=CARTESIAN_POINT('Ctrl Pts',(-42.9082833008676,-40.4955207951483,3.54586602396767));
#1630=CARTESIAN_POINT('Ctrl Pts',(-42.7854574800601,-40.6252705654589,3.11470600909556));
#1631=CARTESIAN_POINT('Ctrl Pts',(-42.6926802567395,-40.7229566993835,2.91793106090944));
#1632=CARTESIAN_POINT('Ctrl Pts',(-42.4775660895088,-40.9472896411253,2.6071950301821));
#1633=CARTESIAN_POINT('Ctrl Pts',(-42.3408791720302,-41.0888845269532,2.47251709602509));
#1634=CARTESIAN_POINT('Ctrl Pts',(-42.0394638955249,-41.3972215988769,2.2939191794266));
#1635=CARTESIAN_POINT('Ctrl Pts',(-41.8746851960496,-41.563914983963,2.24999991059303));
#1636=CARTESIAN_POINT('Ctrl Pts',(-41.563914983963,-41.8746851960496,2.24999991059303));
#1637=CARTESIAN_POINT('Ctrl Pts',(-41.3972215988769,-42.0394638955249,2.2939191794266));
#1638=CARTESIAN_POINT('Ctrl Pts',(-41.0888845269532,-42.3408791720301,2.47251709602509));
#1639=CARTESIAN_POINT('Ctrl Pts',(-40.9472896411253,-42.4775660895087,2.6071950301821));
#1640=CARTESIAN_POINT('Ctrl Pts',(-40.7229566993835,-42.6926802567395,2.91793106090945));
#1641=CARTESIAN_POINT('Ctrl Pts',(-40.6252705654589,-42.7854574800601,3.11470600909556));
#1642=CARTESIAN_POINT('Ctrl Pts',(-40.4955207951484,-42.9082833008676,3.54586602396767));
#1643=CARTESIAN_POINT('Ctrl Pts',(-40.4635073668375,-42.9383811009904,3.78025218049578));
#1644=CARTESIAN_POINT('Ctrl Pts',(-40.4635073668375,-42.9383811009904,4.21974764069029));
#1645=CARTESIAN_POINT('Ctrl Pts',(-40.4955207951484,-42.9082833008676,4.4541337972184));
#1646=CARTESIAN_POINT('Ctrl Pts',(-40.625270565459,-42.7854574800601,4.88529381209051));
#1647=CARTESIAN_POINT('Ctrl Pts',(-40.7229566993835,-42.6926802567395,5.08206876027662));
#1648=CARTESIAN_POINT('Ctrl Pts',(-40.9472896411253,-42.4775660895087,5.39280479100397));
#1649=CARTESIAN_POINT('Ctrl Pts',(-41.0888845269532,-42.3408791720301,5.52748272516097));
#1650=CARTESIAN_POINT('Ctrl Pts',(-41.3972215988769,-42.0394638955249,5.70608064175947));
#1651=CARTESIAN_POINT('Ctrl Pts',(-41.563914983963,-41.8746851960496,5.74999991059303));
#1652=CARTESIAN_POINT('Ctrl Pts',(-41.8746851960496,-41.563914983963,5.74999991059303));
#1653=CARTESIAN_POINT('Ctrl Pts',(-42.0394638955249,-41.3972215988769,5.70608064175947));
#1654=CARTESIAN_POINT('Ctrl Pts',(-42.3408791720302,-41.0888845269532,5.52748272516097));
#1655=CARTESIAN_POINT('Ctrl Pts',(-42.4775660895088,-40.9472896411253,5.39280479100397));
#1656=CARTESIAN_POINT('Ctrl Pts',(-42.6926802567395,-40.7229566993835,5.08206876027662));
#1657=CARTESIAN_POINT('Ctrl Pts',(-42.7854574800601,-40.6252705654589,4.88529381209051));
#1658=CARTESIAN_POINT('Ctrl Pts',(-42.9082833008676,-40.4955207951483,4.4541337972184));
#1659=CARTESIAN_POINT('Ctrl Pts',(-42.9383811009904,-40.4635073668375,4.21974764069029));
#1660=CARTESIAN_POINT('Ctrl Pts',(-42.9383811009904,-40.4635073668375,3.99999991059304));
#1661=CARTESIAN_POINT('Origin',(-43.133514326729,43.133514326729,3.99999991059303));
#1662=CARTESIAN_POINT('',(-41.8960774596525,44.3709511938054,3.99999991059303));
#1663=CARTESIAN_POINT('Origin',(-43.1335143267289,43.133514326729,3.99999991059303));
#1664=CARTESIAN_POINT('',(-40.4635073668375,42.9383811009904,3.99999991059303));
#1665=CARTESIAN_POINT('',(-41.8960774596525,44.3709511938054,3.99999991059303));
#1666=CARTESIAN_POINT('Ctrl Pts',(-40.4635073668375,42.9383811009904,3.99999991059303));
#1667=CARTESIAN_POINT('Ctrl Pts',(-40.4635073668375,42.9383811009904,3.78025218049578));
#1668=CARTESIAN_POINT('Ctrl Pts',(-40.4955207951483,42.9082833008676,3.54586602396767));
#1669=CARTESIAN_POINT('Ctrl Pts',(-40.6252705654589,42.7854574800601,3.11470600909556));
#1670=CARTESIAN_POINT('Ctrl Pts',(-40.7229566993835,42.6926802567395,2.91793106090944));
#1671=CARTESIAN_POINT('Ctrl Pts',(-40.9472896411253,42.4775660895088,2.6071950301821));
#1672=CARTESIAN_POINT('Ctrl Pts',(-41.0888845269532,42.3408791720302,2.47251709602509));
#1673=CARTESIAN_POINT('Ctrl Pts',(-41.3972215988769,42.0394638955249,2.2939191794266));
#1674=CARTESIAN_POINT('Ctrl Pts',(-41.563914983963,41.8746851960496,2.24999991059303));
#1675=CARTESIAN_POINT('Ctrl Pts',(-41.8746851960496,41.563914983963,2.24999991059303));
#1676=CARTESIAN_POINT('Ctrl Pts',(-42.0394638955249,41.3972215988769,2.2939191794266));
#1677=CARTESIAN_POINT('Ctrl Pts',(-42.3408791720301,41.0888845269532,2.47251709602509));
#1678=CARTESIAN_POINT('Ctrl Pts',(-42.4775660895087,40.9472896411253,2.6071950301821));
#1679=CARTESIAN_POINT('Ctrl Pts',(-42.6926802567395,40.7229566993835,2.91793106090945));
#1680=CARTESIAN_POINT('Ctrl Pts',(-42.7854574800601,40.6252705654589,3.11470600909556));
#1681=CARTESIAN_POINT('Ctrl Pts',(-42.9082833008676,40.4955207951484,3.54586602396767));
#1682=CARTESIAN_POINT('Ctrl Pts',(-42.9383811009904,40.4635073668375,3.78025218049578));
#1683=CARTESIAN_POINT('Ctrl Pts',(-42.9383811009904,40.4635073668375,4.21974764069029));
#1684=CARTESIAN_POINT('Ctrl Pts',(-42.9082833008676,40.4955207951484,4.4541337972184));
#1685=CARTESIAN_POINT('Ctrl Pts',(-42.7854574800601,40.625270565459,4.88529381209051));
#1686=CARTESIAN_POINT('Ctrl Pts',(-42.6926802567395,40.7229566993835,5.08206876027662));
#1687=CARTESIAN_POINT('Ctrl Pts',(-42.4775660895087,40.9472896411253,5.39280479100397));
#1688=CARTESIAN_POINT('Ctrl Pts',(-42.3408791720301,41.0888845269532,5.52748272516097));
#1689=CARTESIAN_POINT('Ctrl Pts',(-42.0394638955249,41.3972215988769,5.70608064175947));
#1690=CARTESIAN_POINT('Ctrl Pts',(-41.8746851960496,41.563914983963,5.74999991059303));
#1691=CARTESIAN_POINT('Ctrl Pts',(-41.563914983963,41.8746851960496,5.74999991059303));
#1692=CARTESIAN_POINT('Ctrl Pts',(-41.3972215988769,42.0394638955249,5.70608064175947));
#1693=CARTESIAN_POINT('Ctrl Pts',(-41.0888845269532,42.3408791720302,5.52748272516097));
#1694=CARTESIAN_POINT('Ctrl Pts',(-40.9472896411253,42.4775660895088,5.39280479100397));
#1695=CARTESIAN_POINT('Ctrl Pts',(-40.7229566993835,42.6926802567395,5.08206876027662));
#1696=CARTESIAN_POINT('Ctrl Pts',(-40.6252705654589,42.7854574800601,4.88529381209051));
#1697=CARTESIAN_POINT('Ctrl Pts',(-40.4955207951483,42.9082833008676,4.4541337972184));
#1698=CARTESIAN_POINT('Ctrl Pts',(-40.4635073668375,42.9383811009904,4.21974764069029));
#1699=CARTESIAN_POINT('Ctrl Pts',(-40.4635073668375,42.9383811009904,3.99999991059303));
#1700=CARTESIAN_POINT('Origin',(43.133514326729,43.133514326729,3.99999991059303));
#1701=CARTESIAN_POINT('',(44.3709511938054,41.8960774596525,3.99999991059303));
#1702=CARTESIAN_POINT('Origin',(43.133514326729,43.133514326729,3.99999991059303));
#1703=CARTESIAN_POINT('',(42.9383811009904,40.4635073668375,3.99999991059303));
#1704=CARTESIAN_POINT('',(44.3709511938054,41.8960774596525,3.99999991059303));
#1705=CARTESIAN_POINT('Ctrl Pts',(42.9383811009904,40.4635073668375,3.99999991059303));
#1706=CARTESIAN_POINT('Ctrl Pts',(42.9383811009904,40.4635073668375,3.78025218049578));
#1707=CARTESIAN_POINT('Ctrl Pts',(42.9082833008676,40.4955207951483,3.54586602396767));
#1708=CARTESIAN_POINT('Ctrl Pts',(42.7854574800601,40.6252705654589,3.11470600909556));
#1709=CARTESIAN_POINT('Ctrl Pts',(42.6926802567395,40.7229566993835,2.91793106090944));
#1710=CARTESIAN_POINT('Ctrl Pts',(42.4775660895088,40.9472896411253,2.6071950301821));
#1711=CARTESIAN_POINT('Ctrl Pts',(42.3408791720302,41.0888845269532,2.47251709602509));
#1712=CARTESIAN_POINT('Ctrl Pts',(42.0394638955249,41.3972215988769,2.2939191794266));
#1713=CARTESIAN_POINT('Ctrl Pts',(41.8746851960496,41.563914983963,2.24999991059303));
#1714=CARTESIAN_POINT('Ctrl Pts',(41.563914983963,41.8746851960496,2.24999991059303));
#1715=CARTESIAN_POINT('Ctrl Pts',(41.3972215988769,42.0394638955249,2.2939191794266));
#1716=CARTESIAN_POINT('Ctrl Pts',(41.0888845269532,42.3408791720301,2.47251709602509));
#1717=CARTESIAN_POINT('Ctrl Pts',(40.9472896411253,42.4775660895087,2.6071950301821));
#1718=CARTESIAN_POINT('Ctrl Pts',(40.7229566993835,42.6926802567395,2.91793106090944));
#1719=CARTESIAN_POINT('Ctrl Pts',(40.6252705654589,42.7854574800601,3.11470600909555));
#1720=CARTESIAN_POINT('Ctrl Pts',(40.4955207951484,42.9082833008676,3.54586602396766));
#1721=CARTESIAN_POINT('Ctrl Pts',(40.4635073668375,42.9383811009904,3.78025218049578));
#1722=CARTESIAN_POINT('Ctrl Pts',(40.4635073668375,42.9383811009904,4.21974764069029));
#1723=CARTESIAN_POINT('Ctrl Pts',(40.4955207951484,42.9082833008676,4.4541337972184));
#1724=CARTESIAN_POINT('Ctrl Pts',(40.6252705654589,42.7854574800601,4.88529381209051));
#1725=CARTESIAN_POINT('Ctrl Pts',(40.7229566993835,42.6926802567395,5.08206876027662));
#1726=CARTESIAN_POINT('Ctrl Pts',(40.9472896411253,42.4775660895087,5.39280479100396));
#1727=CARTESIAN_POINT('Ctrl Pts',(41.0888845269532,42.3408791720301,5.52748272516097));
#1728=CARTESIAN_POINT('Ctrl Pts',(41.3972215988769,42.0394638955249,5.70608064175947));
#1729=CARTESIAN_POINT('Ctrl Pts',(41.563914983963,41.8746851960496,5.74999991059303));
#1730=CARTESIAN_POINT('Ctrl Pts',(41.8746851960496,41.563914983963,5.74999991059303));
#1731=CARTESIAN_POINT('Ctrl Pts',(42.0394638955249,41.3972215988769,5.70608064175947));
#1732=CARTESIAN_POINT('Ctrl Pts',(42.3408791720302,41.0888845269532,5.52748272516097));
#1733=CARTESIAN_POINT('Ctrl Pts',(42.4775660895088,40.9472896411253,5.39280479100397));
#1734=CARTESIAN_POINT('Ctrl Pts',(42.6926802567395,40.7229566993835,5.08206876027662));
#1735=CARTESIAN_POINT('Ctrl Pts',(42.7854574800601,40.6252705654589,4.88529381209051));
#1736=CARTESIAN_POINT('Ctrl Pts',(42.9082833008676,40.4955207951483,4.4541337972184));
#1737=CARTESIAN_POINT('Ctrl Pts',(42.9383811009904,40.4635073668375,4.21974764069029));
#1738=CARTESIAN_POINT('Ctrl Pts',(42.9383811009904,40.4635073668375,3.99999991059303));
#1739=CARTESIAN_POINT('Origin',(43.133514326729,-43.133514326729,3.99999991059303));
#1740=CARTESIAN_POINT('',(41.8960774596525,-44.3709511938054,3.99999991059303));
#1741=CARTESIAN_POINT('Origin',(43.133514326729,-43.133514326729,3.99999991059303));
#1742=CARTESIAN_POINT('',(40.4635073668375,-42.9383811009904,3.99999991059303));
#1743=CARTESIAN_POINT('',(41.8960774596525,-44.3709511938054,3.99999991059303));
#1744=CARTESIAN_POINT('Ctrl Pts',(40.4635073668375,-42.9383811009904,3.99999991059303));
#1745=CARTESIAN_POINT('Ctrl Pts',(40.4635073668375,-42.9383811009904,3.78025218049578));
#1746=CARTESIAN_POINT('Ctrl Pts',(40.4955207951483,-42.9082833008676,3.54586602396767));
#1747=CARTESIAN_POINT('Ctrl Pts',(40.6252705654589,-42.7854574800601,3.11470600909556));
#1748=CARTESIAN_POINT('Ctrl Pts',(40.7229566993835,-42.6926802567395,2.91793106090944));
#1749=CARTESIAN_POINT('Ctrl Pts',(40.9472896411253,-42.4775660895088,2.6071950301821));
#1750=CARTESIAN_POINT('Ctrl Pts',(41.0888845269532,-42.3408791720302,2.47251709602509));
#1751=CARTESIAN_POINT('Ctrl Pts',(41.3972215988769,-42.0394638955249,2.2939191794266));
#1752=CARTESIAN_POINT('Ctrl Pts',(41.563914983963,-41.8746851960496,2.24999991059303));
#1753=CARTESIAN_POINT('Ctrl Pts',(41.8746851960496,-41.563914983963,2.24999991059303));
#1754=CARTESIAN_POINT('Ctrl Pts',(42.0394638955249,-41.3972215988769,2.2939191794266));
#1755=CARTESIAN_POINT('Ctrl Pts',(42.3408791720301,-41.0888845269532,2.47251709602509));
#1756=CARTESIAN_POINT('Ctrl Pts',(42.4775660895087,-40.9472896411253,2.6071950301821));
#1757=CARTESIAN_POINT('Ctrl Pts',(42.6926802567395,-40.7229566993835,2.91793106090944));
#1758=CARTESIAN_POINT('Ctrl Pts',(42.7854574800601,-40.6252705654589,3.11470600909555));
#1759=CARTESIAN_POINT('Ctrl Pts',(42.9082833008676,-40.4955207951484,3.54586602396766));
#1760=CARTESIAN_POINT('Ctrl Pts',(42.9383811009904,-40.4635073668375,3.78025218049578));
#1761=CARTESIAN_POINT('Ctrl Pts',(42.9383811009904,-40.4635073668375,4.21974764069029));
#1762=CARTESIAN_POINT('Ctrl Pts',(42.9082833008676,-40.4955207951484,4.4541337972184));
#1763=CARTESIAN_POINT('Ctrl Pts',(42.7854574800601,-40.6252705654589,4.88529381209051));
#1764=CARTESIAN_POINT('Ctrl Pts',(42.6926802567395,-40.7229566993835,5.08206876027662));
#1765=CARTESIAN_POINT('Ctrl Pts',(42.4775660895087,-40.9472896411253,5.39280479100396));
#1766=CARTESIAN_POINT('Ctrl Pts',(42.3408791720301,-41.0888845269532,5.52748272516097));
#1767=CARTESIAN_POINT('Ctrl Pts',(42.0394638955249,-41.3972215988769,5.70608064175947));
#1768=CARTESIAN_POINT('Ctrl Pts',(41.8746851960496,-41.563914983963,5.74999991059303));
#1769=CARTESIAN_POINT('Ctrl Pts',(41.563914983963,-41.8746851960496,5.74999991059303));
#1770=CARTESIAN_POINT('Ctrl Pts',(41.3972215988769,-42.0394638955249,5.70608064175947));
#1771=CARTESIAN_POINT('Ctrl Pts',(41.0888845269532,-42.3408791720302,5.52748272516097));
#1772=CARTESIAN_POINT('Ctrl Pts',(40.9472896411253,-42.4775660895088,5.39280479100397));
#1773=CARTESIAN_POINT('Ctrl Pts',(40.7229566993835,-42.6926802567395,5.08206876027662));
#1774=CARTESIAN_POINT('Ctrl Pts',(40.6252705654589,-42.7854574800601,4.88529381209051));
#1775=CARTESIAN_POINT('Ctrl Pts',(40.4955207951483,-42.9082833008676,4.4541337972184));
#1776=CARTESIAN_POINT('Ctrl Pts',(40.4635073668375,-42.9383811009904,4.21974764069029));
#1777=CARTESIAN_POINT('Ctrl Pts',(40.4635073668375,-42.9383811009904,3.99999991059303));
#1778=CARTESIAN_POINT('Origin',(0.,1.9870883643566,20.0129116356434));
#1779=CARTESIAN_POINT('',(0.999999999999998,16.1115352561821,5.88846474381787));
#1780=CARTESIAN_POINT('Origin',(0.,1.9870883643566,20.0129116356434));
#1781=CARTESIAN_POINT('',(0.999999999999998,18.2230705123643,8.));
#1782=CARTESIAN_POINT('',(0.999999999999998,16.1115352561821,5.88846474381788));
#1783=CARTESIAN_POINT('Origin',(0.,-10.0258232712868,8.));
#1784=CARTESIAN_POINT('Origin',(0.,1.9870883643566,20.0129116356434));
#1785=CARTESIAN_POINT('',(-10.9658560997307,-5.99999999999999,28.));
#1786=CARTESIAN_POINT('',(12.5,1.32051576177967E-15,22.));
#1787=CARTESIAN_POINT('Origin',(0.,0.,22.));
#1788=CARTESIAN_POINT('',(10.9658560997307,-5.99999999999999,28.));
#1789=CARTESIAN_POINT('',(0.,-6.,28.));
#1790=CARTESIAN_POINT('Origin',(0.,0.,22.));
#1791=CARTESIAN_POINT('Origin',(0.,1.9870883643566,20.0129116356434));
#1792=CARTESIAN_POINT('',(0.999999999999997,14.,8.));
#1793=CARTESIAN_POINT('',(0.,14.,8.));
#1794=CARTESIAN_POINT('',(0.999999999999999,20.3685441821784,1.63145581782158));
#1795=CARTESIAN_POINT('Origin',(0.,0.,8.));
#1796=CARTESIAN_POINT('',(-64.,-7.83773951454306E-15,8.));
#1797=CARTESIAN_POINT('Origin',(0.,0.,8.));
#1798=CARTESIAN_POINT('',(1.00000000000001,58.9915248150105,8.));
#1799=CARTESIAN_POINT('',(0.99999999999997,-63.4999999999995,8.));
#1800=CARTESIAN_POINT('Origin',(0.,0.,8.));
#1801=CARTESIAN_POINT('',(12.5,1.53080849893419E-15,8.));
#1802=CARTESIAN_POINT('Origin',(0.,0.,8.));
#1803=CARTESIAN_POINT('',(12.4599357943771,-0.999999999999996,8.));
#1804=CARTESIAN_POINT('Origin',(0.,0.,8.));
#1805=CARTESIAN_POINT('',(58.9915248150105,-0.999999999999996,8.));
#1806=CARTESIAN_POINT('',(-63.5,-0.999999999999996,8.));
#1807=CARTESIAN_POINT('',(0.999999999999971,-58.9915248150105,8.));
#1808=CARTESIAN_POINT('Origin',(0.,0.,8.));
#1809=CARTESIAN_POINT('',(0.999999999999988,-12.4599357943771,8.));
#1810=CARTESIAN_POINT('',(0.99999999999997,-63.4999999999995,8.));
#1811=CARTESIAN_POINT('',(-1.,-12.4599357943771,8.));
#1812=CARTESIAN_POINT('Origin',(0.,0.,8.));
#1813=CARTESIAN_POINT('',(-1.00000000000001,-58.9915248150105,8.));
#1814=CARTESIAN_POINT('',(-1.,63.5000000000005,8.));
#1815=CARTESIAN_POINT('',(-58.9915248150105,-0.999999999999996,8.));
#1816=CARTESIAN_POINT('Origin',(0.,0.,8.));
#1817=CARTESIAN_POINT('',(-12.4599357943771,-0.999999999999996,8.));
#1818=CARTESIAN_POINT('',(-63.5,-0.999999999999996,8.));
#1819=CARTESIAN_POINT('',(-12.4599357943771,0.999999999999996,8.));
#1820=CARTESIAN_POINT('Origin',(0.,0.,8.));
#1821=CARTESIAN_POINT('',(-58.9915248150105,0.999999999999996,8.));
#1822=CARTESIAN_POINT('',(63.5,0.999999999999996,8.));
#1823=CARTESIAN_POINT('Origin',(0.,0.,8.));
#1824=CARTESIAN_POINT('Origin',(0.,0.,28.));
#1825=CARTESIAN_POINT('Origin',(0.,0.,28.));
#1826=CARTESIAN_POINT('Origin',(47.5175763700856,-42.9920929704917,4.00000005960464));
#1827=CARTESIAN_POINT('',(47.4609717536387,-42.9354883540448,4.00000005960464));
#1828=CARTESIAN_POINT('',(46.3720604998143,-44.1093188000173,1.22871876749444));
#1829=CARTESIAN_POINT('Origin',(0.,0.,-1.5425625246158));
#1830=CARTESIAN_POINT('',(45.3962560265259,-40.870772626932,4.00000005960465));
#1831=CARTESIAN_POINT('',(47.5175763700856,-42.9920929704917,4.00000005960464));
#1832=CARTESIAN_POINT('',(44.2648851766274,-42.0021434768305,1.22871876749444));
#1833=CARTESIAN_POINT('',(45.3962560265259,-40.870772626932,4.00000005960464));
#1834=CARTESIAN_POINT('',(46.3862055201871,-44.1234638203901,1.22871876749444));
#1835=CARTESIAN_POINT('Origin',(46.3862055201871,-44.1234638203901,1.22871876749444));
#1836=CARTESIAN_POINT('',(44.1093188000173,-46.3720604998143,1.22871876749444));
#1837=CARTESIAN_POINT('Origin',(0.,0.,1.22871876749444));
#1838=CARTESIAN_POINT('',(42.0021434768305,-44.2648851766275,1.22871876749444));
#1839=CARTESIAN_POINT('',(44.2648851766274,-42.0021434768305,1.22871876749444));
#1840=CARTESIAN_POINT('',(44.1234638203901,-46.3862055201871,1.22871876749444));
#1841=CARTESIAN_POINT('Origin',(44.1234638203901,-46.3862055201871,1.22871876749444));
#1842=CARTESIAN_POINT('',(42.9354883540448,-47.4609717536387,4.00000005960464));
#1843=CARTESIAN_POINT('Origin',(0.,0.,-1.54256252461578));
#1844=CARTESIAN_POINT('',(40.870772626932,-45.3962560265259,4.00000005960465));
#1845=CARTESIAN_POINT('',(42.0021434768305,-44.2648851766275,1.22871876749444));
#1846=CARTESIAN_POINT('',(42.9920929704917,-47.5175763700856,4.00000005960464));
#1847=CARTESIAN_POINT('Origin',(42.9920929704917,-47.5175763700856,4.00000005960464));
#1848=CARTESIAN_POINT('',(44.1093188000173,-46.3720604998143,6.77128135171485));
#1849=CARTESIAN_POINT('Origin',(0.,0.,9.54256264382507));
#1850=CARTESIAN_POINT('',(42.0021434768305,-44.2648851766275,6.77128135171485));
#1851=CARTESIAN_POINT('',(40.870772626932,-45.3962560265259,4.00000005960464));
#1852=CARTESIAN_POINT('',(44.1234638203901,-46.3862055201871,6.77128135171485));
#1853=CARTESIAN_POINT('Origin',(46.3862055201871,-44.1234638203901,6.77128135171485));
#1854=CARTESIAN_POINT('',(46.3720604998143,-44.1093188000173,6.77128135171485));
#1855=CARTESIAN_POINT('Origin',(0.,0.,9.54256264382509));
#1856=CARTESIAN_POINT('',(44.2648851766274,-42.0021434768305,6.77128135171485));
#1857=CARTESIAN_POINT('',(46.3862055201871,-44.1234638203901,6.77128135171485));
#1858=CARTESIAN_POINT('',(44.2648851766274,-42.0021434768305,6.77128135171485));
#1859=CARTESIAN_POINT('Origin',(44.1234638203901,-46.3862055201871,6.77128135171485));
#1860=CARTESIAN_POINT('Origin',(0.,0.,6.77128135171485));
#1861=CARTESIAN_POINT('',(42.0021434768305,-44.2648851766275,6.77128135171485));
#1862=CARTESIAN_POINT('Origin',(43.133514326729,-43.133514326729,4.00000005960464));
#1863=CARTESIAN_POINT('Origin',(-42.9920929704917,-47.5175763700856,4.00000005960464));
#1864=CARTESIAN_POINT('',(-42.9354883540448,-47.4609717536387,4.00000005960464));
#1865=CARTESIAN_POINT('',(-44.1093188000173,-46.3720604998143,1.22871876749444));
#1866=CARTESIAN_POINT('Origin',(0.,0.,-1.5425625246158));
#1867=CARTESIAN_POINT('',(-40.870772626932,-45.3962560265259,4.00000005960465));
#1868=CARTESIAN_POINT('',(-42.9920929704917,-47.5175763700856,4.00000005960464));
#1869=CARTESIAN_POINT('',(-42.0021434768305,-44.2648851766274,1.22871876749444));
#1870=CARTESIAN_POINT('',(-40.870772626932,-45.3962560265259,4.00000005960464));
#1871=CARTESIAN_POINT('',(-44.1234638203901,-46.3862055201871,1.22871876749444));
#1872=CARTESIAN_POINT('Origin',(-44.1234638203901,-46.3862055201871,1.22871876749444));
#1873=CARTESIAN_POINT('',(-46.3720604998143,-44.1093188000173,1.22871876749444));
#1874=CARTESIAN_POINT('Origin',(0.,0.,1.22871876749444));
#1875=CARTESIAN_POINT('',(-44.2648851766275,-42.0021434768305,1.22871876749444));
#1876=CARTESIAN_POINT('',(-42.0021434768305,-44.2648851766274,1.22871876749444));
#1877=CARTESIAN_POINT('',(-46.3862055201871,-44.1234638203901,1.22871876749444));
#1878=CARTESIAN_POINT('Origin',(-46.3862055201871,-44.1234638203901,1.22871876749444));
#1879=CARTESIAN_POINT('',(-47.4609717536387,-42.9354883540448,4.00000005960464));
#1880=CARTESIAN_POINT('Origin',(0.,0.,-1.54256252461578));
#1881=CARTESIAN_POINT('',(-45.3962560265259,-40.870772626932,4.00000005960465));
#1882=CARTESIAN_POINT('',(-44.2648851766275,-42.0021434768305,1.22871876749444));
#1883=CARTESIAN_POINT('',(-47.5175763700856,-42.9920929704917,4.00000005960464));
#1884=CARTESIAN_POINT('Origin',(-47.5175763700856,-42.9920929704917,4.00000005960464));
#1885=CARTESIAN_POINT('',(-46.3720604998143,-44.1093188000173,6.77128135171485));
#1886=CARTESIAN_POINT('Origin',(0.,0.,9.54256264382507));
#1887=CARTESIAN_POINT('',(-44.2648851766275,-42.0021434768305,6.77128135171485));
#1888=CARTESIAN_POINT('',(-45.3962560265259,-40.870772626932,4.00000005960464));
#1889=CARTESIAN_POINT('',(-46.3862055201871,-44.1234638203901,6.77128135171485));
#1890=CARTESIAN_POINT('Origin',(-44.1234638203901,-46.3862055201871,6.77128135171485));
#1891=CARTESIAN_POINT('',(-44.1093188000173,-46.3720604998143,6.77128135171485));
#1892=CARTESIAN_POINT('Origin',(0.,0.,9.54256264382509));
#1893=CARTESIAN_POINT('',(-42.0021434768305,-44.2648851766274,6.77128135171485));
#1894=CARTESIAN_POINT('',(-44.1234638203901,-46.3862055201871,6.77128135171485));
#1895=CARTESIAN_POINT('',(-42.0021434768305,-44.2648851766274,6.77128135171485));
#1896=CARTESIAN_POINT('Origin',(-46.3862055201871,-44.1234638203901,6.77128135171485));
#1897=CARTESIAN_POINT('Origin',(0.,0.,6.77128135171485));
#1898=CARTESIAN_POINT('',(-44.2648851766275,-42.0021434768305,6.77128135171485));
#1899=CARTESIAN_POINT('Origin',(-43.133514326729,-43.133514326729,4.00000005960464));
#1900=CARTESIAN_POINT('Origin',(-47.5175763700856,42.9920929704917,4.00000005960464));
#1901=CARTESIAN_POINT('',(-47.4609717536387,42.9354883540448,4.00000005960464));
#1902=CARTESIAN_POINT('',(-46.3720604998143,44.1093188000173,1.22871876749444));
#1903=CARTESIAN_POINT('Origin',(0.,0.,-1.54256252461581));
#1904=CARTESIAN_POINT('',(-45.3962560265259,40.870772626932,4.00000005960465));
#1905=CARTESIAN_POINT('',(-47.5175763700856,42.9920929704917,4.00000005960464));
#1906=CARTESIAN_POINT('',(-44.2648851766275,42.0021434768305,1.22871876749444));
#1907=CARTESIAN_POINT('',(-45.3962560265259,40.870772626932,4.00000005960464));
#1908=CARTESIAN_POINT('',(-46.3862055201871,44.1234638203901,1.22871876749444));
#1909=CARTESIAN_POINT('Origin',(-46.3862055201871,44.1234638203901,1.22871876749444));
#1910=CARTESIAN_POINT('',(-44.1093188000173,46.3720604998143,1.22871876749444));
#1911=CARTESIAN_POINT('Origin',(0.,0.,1.22871876749444));
#1912=CARTESIAN_POINT('',(-42.0021434768305,44.2648851766274,1.22871876749444));
#1913=CARTESIAN_POINT('',(-44.2648851766275,42.0021434768305,1.22871876749444));
#1914=CARTESIAN_POINT('',(-44.1234638203901,46.3862055201871,1.22871876749444));
#1915=CARTESIAN_POINT('Origin',(-44.1234638203901,46.3862055201871,1.22871876749444));
#1916=CARTESIAN_POINT('',(-42.9354883540448,47.4609717536387,4.00000005960464));
#1917=CARTESIAN_POINT('Origin',(0.,0.,-1.54256252461578));
#1918=CARTESIAN_POINT('',(-40.870772626932,45.3962560265259,4.00000005960465));
#1919=CARTESIAN_POINT('',(-42.0021434768305,44.2648851766275,1.22871876749444));
#1920=CARTESIAN_POINT('',(-42.9920929704917,47.5175763700856,4.00000005960464));
#1921=CARTESIAN_POINT('Origin',(-42.9920929704917,47.5175763700856,4.00000005960464));
#1922=CARTESIAN_POINT('',(-44.1093188000173,46.3720604998143,6.77128135171485));
#1923=CARTESIAN_POINT('Origin',(0.,0.,9.54256264382506));
#1924=CARTESIAN_POINT('',(-42.0021434768305,44.2648851766274,6.77128135171485));
#1925=CARTESIAN_POINT('',(-40.870772626932,45.3962560265259,4.00000005960464));
#1926=CARTESIAN_POINT('',(-44.1234638203901,46.3862055201871,6.77128135171485));
#1927=CARTESIAN_POINT('Origin',(-46.3862055201871,44.1234638203901,6.77128135171485));
#1928=CARTESIAN_POINT('',(-46.3720604998143,44.1093188000173,6.77128135171485));
#1929=CARTESIAN_POINT('Origin',(0.,0.,9.54256264382509));
#1930=CARTESIAN_POINT('',(-44.2648851766275,42.0021434768305,6.77128135171485));
#1931=CARTESIAN_POINT('',(-46.3862055201871,44.1234638203901,6.77128135171485));
#1932=CARTESIAN_POINT('',(-44.2648851766275,42.0021434768305,6.77128135171485));
#1933=CARTESIAN_POINT('Origin',(-44.1234638203901,46.3862055201871,6.77128135171485));
#1934=CARTESIAN_POINT('Origin',(0.,0.,6.77128135171485));
#1935=CARTESIAN_POINT('',(-42.0021434768305,44.2648851766275,6.77128135171485));
#1936=CARTESIAN_POINT('Origin',(-43.133514326729,43.133514326729,4.00000005960464));
#1937=CARTESIAN_POINT('Origin',(42.9920929704917,47.5175763700856,4.00000005960464));
#1938=CARTESIAN_POINT('',(42.9354883540448,47.4609717536387,4.00000005960464));
#1939=CARTESIAN_POINT('',(44.1093188000173,46.3720604998143,1.22871876749444));
#1940=CARTESIAN_POINT('Origin',(0.,0.,-1.54256252461581));
#1941=CARTESIAN_POINT('',(40.870772626932,45.3962560265259,4.00000005960465));
#1942=CARTESIAN_POINT('',(42.9920929704917,47.5175763700856,4.00000005960464));
#1943=CARTESIAN_POINT('',(42.0021434768305,44.2648851766275,1.22871876749444));
#1944=CARTESIAN_POINT('',(40.870772626932,45.3962560265259,4.00000005960464));
#1945=CARTESIAN_POINT('',(44.1234638203901,46.3862055201871,1.22871876749444));
#1946=CARTESIAN_POINT('Origin',(44.1234638203901,46.3862055201871,1.22871876749444));
#1947=CARTESIAN_POINT('',(46.3720604998143,44.1093188000173,1.22871876749444));
#1948=CARTESIAN_POINT('Origin',(0.,0.,1.22871876749444));
#1949=CARTESIAN_POINT('',(44.2648851766274,42.0021434768305,1.22871876749444));
#1950=CARTESIAN_POINT('',(42.0021434768305,44.2648851766275,1.22871876749444));
#1951=CARTESIAN_POINT('',(46.3862055201871,44.1234638203901,1.22871876749444));
#1952=CARTESIAN_POINT('Origin',(46.3862055201871,44.1234638203901,1.22871876749444));
#1953=CARTESIAN_POINT('',(47.4609717536387,42.9354883540448,4.00000005960464));
#1954=CARTESIAN_POINT('Origin',(0.,0.,-1.54256252461578));
#1955=CARTESIAN_POINT('',(45.3962560265259,40.870772626932,4.00000005960465));
#1956=CARTESIAN_POINT('',(44.2648851766275,42.0021434768305,1.22871876749444));
#1957=CARTESIAN_POINT('',(47.5175763700856,42.9920929704917,4.00000005960464));
#1958=CARTESIAN_POINT('Origin',(47.5175763700856,42.9920929704917,4.00000005960464));
#1959=CARTESIAN_POINT('',(46.3720604998143,44.1093188000173,6.77128135171485));
#1960=CARTESIAN_POINT('Origin',(0.,0.,9.54256264382506));
#1961=CARTESIAN_POINT('',(44.2648851766274,42.0021434768305,6.77128135171485));
#1962=CARTESIAN_POINT('',(45.3962560265259,40.870772626932,4.00000005960464));
#1963=CARTESIAN_POINT('',(46.3862055201871,44.1234638203901,6.77128135171485));
#1964=CARTESIAN_POINT('Origin',(44.1234638203901,46.3862055201871,6.77128135171485));
#1965=CARTESIAN_POINT('',(44.1093188000173,46.3720604998143,6.77128135171485));
#1966=CARTESIAN_POINT('Origin',(0.,0.,9.54256264382509));
#1967=CARTESIAN_POINT('',(42.0021434768305,44.2648851766275,6.77128135171485));
#1968=CARTESIAN_POINT('',(44.1234638203901,46.3862055201871,6.77128135171485));
#1969=CARTESIAN_POINT('',(42.0021434768305,44.2648851766275,6.77128135171485));
#1970=CARTESIAN_POINT('Origin',(46.3862055201871,44.1234638203901,6.77128135171485));
#1971=CARTESIAN_POINT('Origin',(0.,0.,6.77128135171485));
#1972=CARTESIAN_POINT('',(44.2648851766275,42.0021434768305,6.77128135171485));
#1973=CARTESIAN_POINT('Origin',(43.133514326729,43.133514326729,4.00000005960464));
#1974=CARTESIAN_POINT('Origin',(63.5,-0.999999999999996,8.));
#1975=CARTESIAN_POINT('',(12.4599357943771,-0.999999999999996,0.));
#1976=CARTESIAN_POINT('',(12.4599357943771,-0.999999999999996,8.));
#1977=CARTESIAN_POINT('',(58.9915248150105,-0.999999999999996,0.));
#1978=CARTESIAN_POINT('',(-63.5,-0.999999999999996,0.));
#1979=CARTESIAN_POINT('',(58.9915248150105,-0.999999999999996,0.));
#1980=CARTESIAN_POINT('Origin',(0.999999999999992,-0.999999999999996,8.));
#1981=CARTESIAN_POINT('',(0.999999999999988,-12.4599357943771,0.));
#1982=CARTESIAN_POINT('',(0.999999999999988,-12.4599357943771,8.));
#1983=CARTESIAN_POINT('',(0.999999999999971,-58.9915248150105,0.));
#1984=CARTESIAN_POINT('',(0.999999999999971,-58.9915248150105,0.));
#1985=CARTESIAN_POINT('',(0.99999999999997,-63.4999999999995,0.));
#1986=CARTESIAN_POINT('Origin',(-1.00000000000001,-63.4999999999995,8.));
#1987=CARTESIAN_POINT('',(-1.,-12.4599357943771,0.));
#1988=CARTESIAN_POINT('',(-1.,-12.4599357943771,8.));
#1989=CARTESIAN_POINT('',(-1.00000000000001,-58.9915248150105,0.));
#1990=CARTESIAN_POINT('',(-1.,63.5000000000005,0.));
#1991=CARTESIAN_POINT('',(-1.00000000000001,-58.9915248150105,0.));
#1992=CARTESIAN_POINT('Origin',(-1.00000000000001,-0.999999999999996,8.));
#1993=CARTESIAN_POINT('',(-12.4599357943771,-0.999999999999996,0.));
#1994=CARTESIAN_POINT('',(-12.4599357943771,-0.999999999999996,8.));
#1995=CARTESIAN_POINT('',(-58.9915248150105,-0.999999999999996,0.));
#1996=CARTESIAN_POINT('',(-58.9915248150105,-0.999999999999996,0.));
#1997=CARTESIAN_POINT('',(-63.5,-0.999999999999996,0.));
#1998=CARTESIAN_POINT('Origin',(-63.5,0.999999999999996,8.));
#1999=CARTESIAN_POINT('',(-12.4599357943771,0.999999999999996,0.));
#2000=CARTESIAN_POINT('',(-12.4599357943771,0.999999999999996,8.));
#2001=CARTESIAN_POINT('',(-58.9915248150105,0.999999999999996,0.));
#2002=CARTESIAN_POINT('',(63.5,0.999999999999996,0.));
#2003=CARTESIAN_POINT('',(-58.9915248150105,0.999999999999996,0.));
#2004=CARTESIAN_POINT('Origin',(1.00000000000001,63.5000000000005,8.));
#2005=CARTESIAN_POINT('',(0.999999999999996,12.4599357943771,8.));
#2006=CARTESIAN_POINT('',(0.999999999999996,12.4599357943771,0.));
#2007=CARTESIAN_POINT('',(0.999999999999996,12.4599357943771,8.));
#2008=CARTESIAN_POINT('',(1.00000000000001,58.9915248150105,0.));
#2009=CARTESIAN_POINT('',(0.99999999999997,-63.4999999999995,0.));
#2010=CARTESIAN_POINT('',(1.00000000000001,58.9915248150105,0.));
#2011=CARTESIAN_POINT('',(0.99999999999997,-63.4999999999995,8.));
#2012=CARTESIAN_POINT('Origin',(0.999999999999992,-0.999999999999996,8.));
#2013=CARTESIAN_POINT('',(0.999999999999992,0.999999999999996,8.));
#2014=CARTESIAN_POINT('',(0.999999999999992,-0.999999999999996,8.));
#2015=CARTESIAN_POINT('',(0.999999999999992,-0.499999999999998,8.));
#2016=CARTESIAN_POINT('',(0.999999999999992,0.999999999999996,0.));
#2017=CARTESIAN_POINT('',(0.999999999999992,0.999999999999996,8.));
#2018=CARTESIAN_POINT('',(0.999999999999991,-0.999999999999996,0.));
#2019=CARTESIAN_POINT('',(0.99999999999997,-63.4999999999995,0.));
#2020=CARTESIAN_POINT('',(0.999999999999992,-0.999999999999996,8.));
#2021=CARTESIAN_POINT('Origin',(-0.999999999999996,-0.999999999999996,8.));
#2022=CARTESIAN_POINT('',(-1.,-0.999999999999996,8.));
#2023=CARTESIAN_POINT('',(-0.499999999999998,-0.999999999999996,8.));
#2024=CARTESIAN_POINT('',(-1.,-0.999999999999996,0.));
#2025=CARTESIAN_POINT('',(-63.5,-0.999999999999996,0.));
#2026=CARTESIAN_POINT('',(-1.,-0.999999999999996,8.));
#2027=CARTESIAN_POINT('Origin',(-1.,0.999999999999996,8.));
#2028=CARTESIAN_POINT('',(-1.,0.999999999999996,8.));
#2029=CARTESIAN_POINT('',(-1.,0.499999999999998,8.));
#2030=CARTESIAN_POINT('',(-1.,0.999999999999996,0.));
#2031=CARTESIAN_POINT('',(-1.,63.5000000000005,0.));
#2032=CARTESIAN_POINT('',(-1.,0.999999999999996,8.));
#2033=CARTESIAN_POINT('Origin',(0.999999999999996,0.999999999999996,8.));
#2034=CARTESIAN_POINT('',(0.499999999999998,0.999999999999996,8.));
#2035=CARTESIAN_POINT('',(63.5,0.999999999999996,0.));
#2036=CARTESIAN_POINT('Origin',(0.,0.,8.));
#2037=CARTESIAN_POINT('',(12.5,1.53080849893419E-15,8.));
#2038=CARTESIAN_POINT('Origin',(0.,0.,0.));
#2039=CARTESIAN_POINT('Origin',(0.,0.,8.));
#2040=CARTESIAN_POINT('Origin',(0.,0.,0.));
#2041=CARTESIAN_POINT('Origin',(0.,0.,0.));
#2042=CARTESIAN_POINT('Origin',(0.,0.,0.));
#2043=CARTESIAN_POINT('Origin',(0.,0.,8.));
#2044=CARTESIAN_POINT('Origin',(0.,0.,8.));
#2045=CARTESIAN_POINT('Origin',(0.,0.,0.));
#2046=CARTESIAN_POINT('Origin',(0.,0.,0.));
#2047=CARTESIAN_POINT('Origin',(0.,0.,0.));
#2048=CARTESIAN_POINT('Origin',(0.,0.,0.));
#2049=CARTESIAN_POINT('Origin',(0.,0.,0.));
#2050=CARTESIAN_POINT('Origin',(0.,0.,0.));
#2051=CARTESIAN_POINT('Origin',(0.,0.,0.));
#2052=CARTESIAN_POINT('Origin',(0.,0.,0.));
#2053=CARTESIAN_POINT('Origin',(0.,0.,0.));
#2054=CARTESIAN_POINT('',(-64.,-7.83773951454306E-15,0.));
#2055=CARTESIAN_POINT('',(-64.,-7.83773951454306E-15,0.));
#2056=CARTESIAN_POINT('Origin',(0.,0.,0.));
#2057=CARTESIAN_POINT('Origin',(0.,0.,0.));
#2058=UNCERTAINTY_MEASURE_WITH_UNIT(LENGTH_MEASURE(0.01),#2062,
'DISTANCE_ACCURACY_VALUE',
'Maximum model space distance between geometric entities at asserted c
onnectivities');
#2059=UNCERTAINTY_MEASURE_WITH_UNIT(LENGTH_MEASURE(0.01),#2062,
'DISTANCE_ACCURACY_VALUE',
'Maximum model space distance between geometric entities at asserted c
onnectivities');
#2060=(
GEOMETRIC_REPRESENTATION_CONTEXT(3)
GLOBAL_UNCERTAINTY_ASSIGNED_CONTEXT((#2058))
GLOBAL_UNIT_ASSIGNED_CONTEXT((#2062,#2064,#2065))
REPRESENTATION_CONTEXT('','3D')
);
#2061=(
GEOMETRIC_REPRESENTATION_CONTEXT(3)
GLOBAL_UNCERTAINTY_ASSIGNED_CONTEXT((#2059))
GLOBAL_UNIT_ASSIGNED_CONTEXT((#2062,#2064,#2065))
REPRESENTATION_CONTEXT('','3D')
);
#2062=(
LENGTH_UNIT()
NAMED_UNIT(*)
SI_UNIT(.MILLI.,.METRE.)
);
#2063=(
LENGTH_UNIT()
NAMED_UNIT(*)
SI_UNIT($,.METRE.)
);
#2064=(
NAMED_UNIT(*)
PLANE_ANGLE_UNIT()
SI_UNIT($,.RADIAN.)
);
#2065=(
NAMED_UNIT(*)
SI_UNIT($,.STERADIAN.)
SOLID_ANGLE_UNIT()
);
#2066=SHAPE_DEFINITION_REPRESENTATION(#2067,#2068);
#2067=PRODUCT_DEFINITION_SHAPE('',$,#2070);
#2068=SHAPE_REPRESENTATION('',(#1158),#2060);
#2069=PRODUCT_DEFINITION_CONTEXT('part definition',#2074,'design');
#2070=PRODUCT_DEFINITION('Secondary_Spider','Secondary_Spider v13',#2071,
#2069);
#2071=PRODUCT_DEFINITION_FORMATION('',$,#2076);
#2072=PRODUCT_RELATED_PRODUCT_CATEGORY('Secondary_Spider v13',
'Secondary_Spider v13',(#2076));
#2073=APPLICATION_PROTOCOL_DEFINITION('international standard',
'automotive_design',2009,#2074);
#2074=APPLICATION_CONTEXT(
'Core Data for Automotive Mechanical Design Process');
#2075=PRODUCT_CONTEXT('part definition',#2074,'mechanical');
#2076=PRODUCT('Secondary_Spider','Secondary_Spider v13',$,(#2075));
#2077=PRESENTATION_STYLE_ASSIGNMENT((#2078));
#2078=SURFACE_STYLE_USAGE(.BOTH.,#2079);
#2079=SURFACE_SIDE_STYLE('',(#2080));
#2080=SURFACE_STYLE_FILL_AREA(#2081);
#2081=FILL_AREA_STYLE('Steel - Satin',(#2082));
#2082=FILL_AREA_STYLE_COLOUR('Steel - Satin',#2083);
#2083=COLOUR_RGB('Steel - Satin',0.627450980392157,0.627450980392157,0.627450980392157);
ENDSEC;
END-ISO-10303-21;
